original_filename,cloudinary_url,product_id,variant_id,image_type,is_primary,product_category,frame_shape,frame_type,material,primary_color,secondary_color,finish,duplicate_status,image_quality,confidence_score,manual_review_required,notes
RGP_2738.webp,https://res.cloudinary.com/dpv40ou2c/image/upload/v1790853825/chashmalay/products/ypntaucgnxenx34ft9sj.webp,CHM-001,CHM-001-V01,FRONT,true,Eyeglasses,Square,Full Rim,Acetate,Black,Red,Matte,NOT_DUPLICATE,HIGH,HIGH,false,Standard prescription clear optical eyeglass frame: Chashmalay Neo Square Acetate (Matte Black Red)
RGP_2739.webp,https://res.cloudinary.com/dpv40ou2c/image/upload/v1790853825/chashmalay/products/eb6nib7ufjpojoopyfr5.webp,CHM-001,CHM-001-V01,SIDE,false,Eyeglasses,Square,Full Rim,Acetate,Black,Red,Matte,SAME_PRODUCT_DIFFERENT_VIEW,HIGH,HIGH,false,Standard prescription clear optical eyeglass frame: Chashmalay Neo Square Acetate (Matte Black Red)
RGP_2740.webp,https://res.cloudinary.com/dpv40ou2c/image/upload/v1790853825/chashmalay/products/r9sdpphxqdsewhito5ti.webp,CHM-001,CHM-001-V02,FRONT,true,Eyeglasses,Square,Full Rim,Acetate,Black,Blue,Matte,SAME_PRODUCT_DIFFERENT_COLOR,HIGH,HIGH,false,Standard prescription clear optical eyeglass frame: Chashmalay Neo Square Acetate (Matte Black Blue)
RGP_2741.webp,https://res.cloudinary.com/dpv40ou2c/image/upload/v1790853825/chashmalay/products/tujenwzmijzuqagdzqqb.webp,CHM-001,CHM-001-V02,SIDE,false,Eyeglasses,Square,Full Rim,Acetate,Black,Blue,Matte,SAME_PRODUCT_DIFFERENT_VIEW,HIGH,HIGH,false,Standard prescription clear optical eyeglass frame: Chashmalay Neo Square Acetate (Matte Black Blue)
RGP_2743.webp,https://res.cloudinary.com/dpv40ou2c/image/upload/v1790853825/chashmalay/products/t3mdoa9ey0ifdsif8c7e.webp,CHM-002,CHM-002-V01,FRONT,true,Eyeglasses,Wayfarer,Full Rim,Acetate,Grey,Clear,Transparent,NOT_DUPLICATE,HIGH,HIGH,false,Standard prescription clear optical eyeglass frame: Chashmalay Crystal Clear Wayfarer (Crystal Smoke Grey)
RGP_2744.webp,https://res.cloudinary.com/dpv40ou2c/image/upload/v1790853825/chashmalay/products/ku6ypwnanan85u0glh4n.webp,CHM-003,CHM-003-V01,FRONT,true,Clip-On Glasses,Square,Full Rim,TR90 / Flexible Polymer,Blue,None,Matte,NOT_DUPLICATE,HIGH,HIGH,false,Front view with polarized clip-on attached
RGP_2745.webp,https://res.cloudinary.com/dpv40ou2c/image/upload/v1790853825/chashmalay/products/ektl1gdutic0sxqzivp8.webp,CHM-003,CHM-003-V01,FRONT,false,Clip-On Glasses,Square,Full Rim,TR90 / Flexible Polymer,Blue,None,Matte,SAME_PRODUCT_DIFFERENT_VIEW,HIGH,HIGH,false,Clear prescription optical frame view (normal glasses without clip-on)
RGP_2746.webp,https://res.cloudinary.com/dpv40ou2c/image/upload/v1790853825/chashmalay/products/b446uavdjqt2ja20rdbs.webp,CHM-004,CHM-004-V01,FRONT,true,Eyeglasses,Wayfarer,Full Rim,Acetate,Black,None,Matte,NOT_DUPLICATE,HIGH,HIGH,false,Standard prescription clear optical eyeglass frame: Chashmalay Urban Classic Wayfarer (Matte Black)
RGP_2747.webp,https://res.cloudinary.com/dpv40ou2c/image/upload/v1790853826/chashmalay/products/zrl4d7slhmfwam0vajqa.webp,CHM-004,CHM-004-V01,SIDE,false,Eyeglasses,Wayfarer,Full Rim,Acetate,Black,None,Matte,SAME_PRODUCT_DIFFERENT_VIEW,HIGH,HIGH,false,Standard prescription clear optical eyeglass frame: Chashmalay Urban Classic Wayfarer (Matte Black)
RGP_2748.webp,https://res.cloudinary.com/dpv40ou2c/image/upload/v1790853826/chashmalay/products/wac9iieqvk6il80tvpne.webp,CHM-005,CHM-005-V01,FRONT,true,Eyeglasses,Rectangle,Full Rim,TR90 / Flexible Polymer,Grey,Clear,Matte,NOT_DUPLICATE,HIGH,HIGH,false,Standard prescription clear optical eyeglass frame: Chashmalay Metro Edge Blue-Cut Rectangle (Smoke Grey Lime)
RGP_2749.webp,https://res.cloudinary.com/dpv40ou2c/image/upload/v1790853826/chashmalay/products/qbbsf5kmo7bmhlvon1lv.webp,CHM-005,CHM-005-V01,SIDE,false,Eyeglasses,Rectangle,Full Rim,TR90 / Flexible Polymer,Grey,Clear,Matte,SAME_PRODUCT_DIFFERENT_VIEW,HIGH,HIGH,false,Standard prescription clear optical eyeglass frame: Chashmalay Metro Edge Blue-Cut Rectangle (Smoke Grey Lime)
RGP_2750.webp,https://res.cloudinary.com/dpv40ou2c/image/upload/v1790853826/chashmalay/products/fnnzpxbpov3kds3oogii.webp,CHM-005,CHM-005-V02,FRONT,true,Eyeglasses,Rectangle,Full Rim,TR90 / Flexible Polymer,Black,None,Matte,SAME_PRODUCT_DIFFERENT_COLOR,HIGH,HIGH,false,Standard prescription clear optical eyeglass frame: Chashmalay Metro Edge Blue-Cut Rectangle (Matte Black Crimson)
RGP_2751.webp,https://res.cloudinary.com/dpv40ou2c/image/upload/v1790853826/chashmalay/products/bzjpxl8ox8wzz8xqpzly.webp,CHM-005,CHM-005-V02,SIDE,false,Eyeglasses,Rectangle,Full Rim,TR90 / Flexible Polymer,Black,None,Matte,SAME_PRODUCT_DIFFERENT_VIEW,HIGH,HIGH,false,Standard prescription clear optical eyeglass frame: Chashmalay Metro Edge Blue-Cut Rectangle (Matte Black Crimson)
RGP_2753.webp,https://res.cloudinary.com/dpv40ou2c/image/upload/v1790853826/chashmalay/products/oo4tzok7c5dvbtrka9oo.webp,CHM-006,CHM-006-V01,FRONT,true,Eyeglasses,Square,Full Rim,Acetate,Black,None,Glossy,NOT_DUPLICATE,HIGH,HIGH,false,Standard prescription clear optical eyeglass frame: Chashmalay Artisan Trapezoid (Glossy Black Camo)
RGP_2754.webp,https://res.cloudinary.com/dpv40ou2c/image/upload/v1790853826/chashmalay/products/fpw1q7oiwygekgo4t7ll.webp,CHM-006,CHM-006-V01,SIDE,false,Eyeglasses,Square,Full Rim,Acetate,Black,None,Glossy,SAME_PRODUCT_DIFFERENT_VIEW,HIGH,HIGH,false,Standard prescription clear optical eyeglass frame: Chashmalay Artisan Trapezoid (Glossy Black Camo)
RGP_2755.webp,https://res.cloudinary.com/dpv40ou2c/image/upload/v1790853826/chashmalay/products/iib4hd9ckjnvjo1wocc7.webp,CHM-007,CHM-007-V01,FRONT,true,Eyeglasses,Square,Full Rim,Acetate,Black,Gold,Matte,NOT_DUPLICATE,HIGH,HIGH,false,Standard prescription clear optical eyeglass frame: Chashmalay Horizon Bold Square (Matte Black Gold)
RGP_2757.webp,https://res.cloudinary.com/dpv40ou2c/image/upload/v1790853827/chashmalay/products/agivmmtbfroog5gokdb1.webp,CHM-007,CHM-007-V01,SIDE,false,Eyeglasses,Square,Full Rim,Acetate,Black,Gold,Matte,SAME_PRODUCT_DIFFERENT_VIEW,HIGH,HIGH,false,Standard prescription clear optical eyeglass frame: Chashmalay Horizon Bold Square (Matte Black Gold)
RGP_2758.webp,https://res.cloudinary.com/dpv40ou2c/image/upload/v1790853827/chashmalay/products/udtvy9zr5antcey9ecwy.webp,CHM-007,CHM-007-V02,FRONT,true,Eyeglasses,Square,Full Rim,Acetate,Tortoise,Gold,Tortoise,SAME_PRODUCT_DIFFERENT_COLOR,HIGH,HIGH,false,Standard prescription clear optical eyeglass frame: Chashmalay Horizon Bold Square (Dark Tortoise Amber)
RGP_2759.webp,https://res.cloudinary.com/dpv40ou2c/image/upload/v1790853827/chashmalay/products/emxyadavvchedc2qgus8.webp,CHM-007,CHM-007-V02,SIDE,false,Eyeglasses,Square,Full Rim,Acetate,Tortoise,Gold,Tortoise,SAME_PRODUCT_DIFFERENT_VIEW,HIGH,HIGH,false,Standard prescription clear optical eyeglass frame: Chashmalay Horizon Bold Square (Dark Tortoise Amber)
RGP_2760.webp,https://res.cloudinary.com/dpv40ou2c/image/upload/v1790853827/chashmalay/products/d3iwd2hbezvpbbbbu6ua.webp,CHM-007,CHM-007-V03,FRONT,true,Eyeglasses,Square,Full Rim,Acetate,Transparent Olive,None,Transparent,SAME_PRODUCT_DIFFERENT_COLOR,HIGH,HIGH,false,Standard prescription clear optical eyeglass frame: Chashmalay Horizon Bold Square (Transparent Olive)
RGP_2761.webp,https://res.cloudinary.com/dpv40ou2c/image/upload/v1790853827/chashmalay/products/wuzvm3zdrqvdtl3ziy4f.webp,CHM-007,CHM-007-V03,SIDE,false,Eyeglasses,Square,Full Rim,Acetate,Transparent Olive,None,Transparent,SAME_PRODUCT_DIFFERENT_VIEW,HIGH,HIGH,false,Standard prescription clear optical eyeglass frame: Chashmalay Horizon Bold Square (Transparent Olive)
RGP_2762.webp,https://res.cloudinary.com/dpv40ou2c/image/upload/v1790853827/chashmalay/products/pzakpiwv9pxjd0ydzisa.webp,CHM-008,CHM-008-V01,FRONT,true,Eyeglasses,Geometric,Full Rim,Metal,Rose Gold,None,Metallic,NOT_DUPLICATE,HIGH,HIGH,false,Standard prescription clear optical eyeglass frame: Chashmalay Slimline Blue-Blocker Geometric (Rose Gold)
RGP_2763.webp,https://res.cloudinary.com/dpv40ou2c/image/upload/v1790853827/chashmalay/products/jdqh0fovcavrnej9qntr.webp,CHM-008,CHM-008-V01,SIDE,false,Eyeglasses,Geometric,Full Rim,Metal,Rose Gold,None,Metallic,SAME_PRODUCT_DIFFERENT_VIEW,HIGH,HIGH,false,Standard prescription clear optical eyeglass frame: Chashmalay Slimline Blue-Blocker Geometric (Rose Gold)
RGP_2764.webp,https://res.cloudinary.com/dpv40ou2c/image/upload/v1790853827/chashmalay/products/fu9qruqbdrfpgthd3efx.webp,CHM-008,CHM-008-V02,FRONT,true,Eyeglasses,Geometric,Full Rim,Metal,Gunmetal,None,Metallic,SAME_PRODUCT_DIFFERENT_COLOR,HIGH,HIGH,false,Standard prescription clear optical eyeglass frame: Chashmalay Slimline Blue-Blocker Geometric (Gunmetal Black)
RGP_2765.webp,https://res.cloudinary.com/dpv40ou2c/image/upload/v1790853827/chashmalay/products/e4dmjjcnencs5ixldcjo.webp,CHM-008,CHM-008-V02,SIDE,false,Eyeglasses,Geometric,Full Rim,Metal,Gunmetal,None,Metallic,SAME_PRODUCT_DIFFERENT_VIEW,HIGH,HIGH,false,Standard prescription clear optical eyeglass frame: Chashmalay Slimline Blue-Blocker Geometric (Gunmetal Black)
RGP_2766.webp,https://res.cloudinary.com/dpv40ou2c/image/upload/v1790853827/chashmalay/products/rv33oe7mmabclhnwqhsj.webp,CHM-008,CHM-008-V03,FRONT,true,Eyeglasses,Geometric,Full Rim,Metal,Gold,None,Metallic,SAME_PRODUCT_DIFFERENT_COLOR,HIGH,HIGH,false,Standard prescription clear optical eyeglass frame: Chashmalay Slimline Blue-Blocker Geometric (Metallic Gold)
RGP_2767.webp,https://res.cloudinary.com/dpv40ou2c/image/upload/v1790853827/chashmalay/products/e8uujltczrwzuhlnkla7.webp,CHM-008,CHM-008-V03,SIDE,false,Eyeglasses,Geometric,Full Rim,Metal,Gold,None,Metallic,SAME_PRODUCT_DIFFERENT_VIEW,HIGH,HIGH,false,Standard prescription clear optical eyeglass frame: Chashmalay Slimline Blue-Blocker Geometric (Metallic Gold)
RGP_2769.webp,https://res.cloudinary.com/dpv40ou2c/image/upload/v1790853828/chashmalay/products/roifmbu1c60zd5dfccuq.webp,CHM-009,CHM-009-V01,FRONT,true,Eyeglasses,Aviator,Full Rim,Metal,Gunmetal,None,Metallic,NOT_DUPLICATE,HIGH,HIGH,false,Standard prescription clear optical eyeglass frame: Chashmalay Retro Vintage Aviator (Gunmetal Silver)
RGP_2770.webp,https://res.cloudinary.com/dpv40ou2c/image/upload/v1790853828/chashmalay/products/z2wzliay50afqk1xzezr.webp,CHM-009,CHM-009-V01,SIDE,false,Eyeglasses,Aviator,Full Rim,Metal,Gunmetal,None,Metallic,SAME_PRODUCT_DIFFERENT_VIEW,HIGH,HIGH,false,Standard prescription clear optical eyeglass frame: Chashmalay Retro Vintage Aviator (Gunmetal Silver)
RGP_2771.webp,https://res.cloudinary.com/dpv40ou2c/image/upload/v1790853828/chashmalay/products/pemqwety1ezbbktlmw0o.webp,CHM-009,CHM-009-V02,FRONT,true,Eyeglasses,Aviator,Full Rim,Metal,Gold,None,Metallic,SAME_PRODUCT_DIFFERENT_COLOR,HIGH,HIGH,false,Standard prescription clear optical eyeglass frame: Chashmalay Retro Vintage Aviator (Vintage Gold)
RGP_2773.webp,https://res.cloudinary.com/dpv40ou2c/image/upload/v1790853828/chashmalay/products/s4xxf1ylim6yvufqfx3p.webp,CHM-009,CHM-009-V02,SIDE,false,Eyeglasses,Aviator,Full Rim,Metal,Gold,None,Metallic,SAME_PRODUCT_DIFFERENT_VIEW,HIGH,HIGH,false,Standard prescription clear optical eyeglass frame: Chashmalay Retro Vintage Aviator (Vintage Gold)
RGP_2774.webp,https://res.cloudinary.com/dpv40ou2c/image/upload/v1790853828/chashmalay/products/sfxa6fxex1ejsmoibvu9.webp,CHM-009,CHM-009-V03,FRONT,true,Eyeglasses,Aviator,Full Rim,Metal,Black,None,Matte,SAME_PRODUCT_DIFFERENT_COLOR,HIGH,HIGH,false,Standard prescription clear optical eyeglass frame: Chashmalay Retro Vintage Aviator (Matte Black)
RGP_2775.webp,https://res.cloudinary.com/dpv40ou2c/image/upload/v1790853828/chashmalay/products/mihxdfdjbyakkhlzfecs.webp,CHM-009,CHM-009-V03,SIDE,false,Eyeglasses,Aviator,Full Rim,Metal,Black,None,Matte,SAME_PRODUCT_DIFFERENT_VIEW,HIGH,HIGH,false,Standard prescription clear optical eyeglass frame: Chashmalay Retro Vintage Aviator (Matte Black)
RGP_2776.webp,https://res.cloudinary.com/dpv40ou2c/image/upload/v1790853828/chashmalay/products/zjixqb8mxzeisaqsbeom.webp,CHM-010,CHM-010-V01,FRONT,true,Eyeglasses,Cat Eye,Full Rim,Acetate,Burgundy Wine,None,Matte,NOT_DUPLICATE,HIGH,HIGH,false,Standard prescription clear optical eyeglass frame: Chashmalay Cat-Eye Bloom (Burgundy Wine)
RGP_2777.webp,https://res.cloudinary.com/dpv40ou2c/image/upload/v1790853828/chashmalay/products/fftv2c1nhmr8ta8e2k0z.webp,CHM-010,CHM-010-V01,SIDE,false,Eyeglasses,Cat Eye,Full Rim,Acetate,Burgundy Wine,None,Matte,SAME_PRODUCT_DIFFERENT_VIEW,HIGH,HIGH,false,Standard prescription clear optical eyeglass frame: Chashmalay Cat-Eye Bloom (Burgundy Wine)
RGP_2778.webp,https://res.cloudinary.com/dpv40ou2c/image/upload/v1790853828/chashmalay/products/ogkzwbotuwr9xz9vjhqs.webp,CHM-010,CHM-010-V02,FRONT,true,Eyeglasses,Cat Eye,Full Rim,Acetate,Tortoise,Gold,Tortoise,SAME_PRODUCT_DIFFERENT_COLOR,HIGH,HIGH,false,Standard prescription clear optical eyeglass frame: Chashmalay Cat-Eye Bloom (Havana Tortoise)
RGP_2779.webp,https://res.cloudinary.com/dpv40ou2c/image/upload/v1790853828/chashmalay/products/qgq1q74stak9mdjcegxy.webp,CHM-010,CHM-010-V02,SIDE,false,Eyeglasses,Cat Eye,Full Rim,Acetate,Tortoise,Gold,Tortoise,SAME_PRODUCT_DIFFERENT_VIEW,HIGH,HIGH,false,Standard prescription clear optical eyeglass frame: Chashmalay Cat-Eye Bloom (Havana Tortoise)
RGP_2780.webp,https://res.cloudinary.com/dpv40ou2c/image/upload/v1790853829/chashmalay/products/gre8bngchrwiosykqric.webp,CHM-010,CHM-010-V03,FRONT,true,Eyeglasses,Cat Eye,Full Rim,Acetate,Black,None,Matte,SAME_PRODUCT_DIFFERENT_COLOR,HIGH,HIGH,false,Standard prescription clear optical eyeglass frame: Chashmalay Cat-Eye Bloom (Midnight Black)
RGP_2781.webp,https://res.cloudinary.com/dpv40ou2c/image/upload/v1790853829/chashmalay/products/syxsisqp5gqkxykyxocd.webp,CHM-010,CHM-010-V03,SIDE,false,Eyeglasses,Cat Eye,Full Rim,Acetate,Black,None,Matte,SAME_PRODUCT_DIFFERENT_VIEW,HIGH,HIGH,false,Standard prescription clear optical eyeglass frame: Chashmalay Cat-Eye Bloom (Midnight Black)
RGP_2782.webp,https://res.cloudinary.com/dpv40ou2c/image/upload/v1790853829/chashmalay/products/btypjbpq75ah2935yjru.webp,CHM-011,CHM-011-V01,FRONT,true,Reading Glasses,Oval,Full Rim,Metal,Silver,None,Metallic,NOT_DUPLICATE,HIGH,HIGH,false,Near-vision presbyopia magnification reader: Chashmalay Minimalist Oval Reader (Sleek Silver)
RGP_2783.webp,https://res.cloudinary.com/dpv40ou2c/image/upload/v1790853829/chashmalay/products/yowyqs3q79zkfnsq3zhv.webp,CHM-011,CHM-011-V01,SIDE,false,Reading Glasses,Oval,Full Rim,Metal,Silver,None,Metallic,SAME_PRODUCT_DIFFERENT_VIEW,HIGH,HIGH,false,Near-vision presbyopia magnification reader: Chashmalay Minimalist Oval Reader (Sleek Silver)
RGP_2784.webp,https://res.cloudinary.com/dpv40ou2c/image/upload/v1790853829/chashmalay/products/a0cjvmpaojimnjtbocer.webp,CHM-011,CHM-011-V02,FRONT,true,Reading Glasses,Oval,Full Rim,Metal,Gold,None,Metallic,SAME_PRODUCT_DIFFERENT_COLOR,HIGH,HIGH,false,Near-vision presbyopia magnification reader: Chashmalay Minimalist Oval Reader (Champagne Gold)
RGP_2785.webp,https://res.cloudinary.com/dpv40ou2c/image/upload/v1790853829/chashmalay/products/sbkrzzp7prd4wqutvlfl.webp,CHM-011,CHM-011-V02,SIDE,false,Reading Glasses,Oval,Full Rim,Metal,Gold,None,Metallic,SAME_PRODUCT_DIFFERENT_VIEW,HIGH,HIGH,false,Near-vision presbyopia magnification reader: Chashmalay Minimalist Oval Reader (Champagne Gold)
RGP_2786.webp,https://res.cloudinary.com/dpv40ou2c/image/upload/v1790853829/chashmalay/products/dxhccbzp7ljvxcyfaxix.webp,CHM-011,CHM-011-V03,FRONT,true,Reading Glasses,Oval,Full Rim,Metal,Black,None,Matte,SAME_PRODUCT_DIFFERENT_COLOR,HIGH,HIGH,false,Near-vision presbyopia magnification reader: Chashmalay Minimalist Oval Reader (Matte Black)
RGP_2787.webp,https://res.cloudinary.com/dpv40ou2c/image/upload/v1790853829/chashmalay/products/w8wteqzf9tb15vceu2io.webp,CHM-011,CHM-011-V03,SIDE,false,Reading Glasses,Oval,Full Rim,Metal,Black,None,Matte,SAME_PRODUCT_DIFFERENT_VIEW,HIGH,HIGH,false,Near-vision presbyopia magnification reader: Chashmalay Minimalist Oval Reader (Matte Black)
RGP_2788.webp,https://res.cloudinary.com/dpv40ou2c/image/upload/v1790853829/chashmalay/products/dn6dpjp004zg2ikdax5i.webp,CHM-012,CHM-012-V01,FRONT,true,Eyeglasses,Browline,Half Rim / Semi Rimless,Acetate,Black,Gold,Glossy,NOT_DUPLICATE,HIGH,HIGH,false,Standard prescription clear optical eyeglass frame: Chashmalay Clubmaster Heritage (Gloss Black Gold)
RGP_2789.webp,https://res.cloudinary.com/dpv40ou2c/image/upload/v1790853830/chashmalay/products/neo7s1krv1x0ykiqc0vl.webp,CHM-012,CHM-012-V01,SIDE,false,Eyeglasses,Browline,Half Rim / Semi Rimless,Acetate,Black,Gold,Glossy,SAME_PRODUCT_DIFFERENT_VIEW,HIGH,HIGH,false,Standard prescription clear optical eyeglass frame: Chashmalay Clubmaster Heritage (Gloss Black Gold)
RGP_2790.webp,https://res.cloudinary.com/dpv40ou2c/image/upload/v1790853830/chashmalay/products/olk3jagm7dtiz4cqp3zw.webp,CHM-012,CHM-012-V02,FRONT,true,Eyeglasses,Browline,Half Rim / Semi Rimless,Acetate,Tortoise,Gold,Tortoise,SAME_PRODUCT_DIFFERENT_COLOR,HIGH,HIGH,false,Standard prescription clear optical eyeglass frame: Chashmalay Clubmaster Heritage (Dark Havana Tortoise)
RGP_2791.webp,https://res.cloudinary.com/dpv40ou2c/image/upload/v1790853830/chashmalay/products/cazhfoyb1awrliabuuwu.webp,CHM-012,CHM-012-V02,SIDE,false,Eyeglasses,Browline,Half Rim / Semi Rimless,Acetate,Tortoise,Gold,Tortoise,SAME_PRODUCT_DIFFERENT_VIEW,HIGH,HIGH,false,Standard prescription clear optical eyeglass frame: Chashmalay Clubmaster Heritage (Dark Havana Tortoise)
RGP_2792.webp,https://res.cloudinary.com/dpv40ou2c/image/upload/v1790853830/chashmalay/products/xjkwiva6z8jonafhd3lo.webp,CHM-012,CHM-012-V03,FRONT,true,Eyeglasses,Browline,Half Rim / Semi Rimless,Acetate,Silver,None,Transparent,SAME_PRODUCT_DIFFERENT_COLOR,HIGH,HIGH,false,Standard prescription clear optical eyeglass frame: Chashmalay Clubmaster Heritage (Transparent Grey Silver)
RGP_2793.webp,https://res.cloudinary.com/dpv40ou2c/image/upload/v1790853830/chashmalay/products/fpqri3vxvsip7kq3v6ts.webp,CHM-012,CHM-012-V03,SIDE,false,Eyeglasses,Browline,Half Rim / Semi Rimless,Acetate,Silver,None,Transparent,SAME_PRODUCT_DIFFERENT_VIEW,HIGH,HIGH,false,Standard prescription clear optical eyeglass frame: Chashmalay Clubmaster Heritage (Transparent Grey Silver)
RGP_2794.webp,https://res.cloudinary.com/dpv40ou2c/image/upload/v1790853830/chashmalay/products/u4wpdhcdyfbg0jn42lrw.webp,CHM-013,CHM-013-V01,FRONT,true,Eyeglasses,Geometric,Full Rim,Metal,Rose Gold,None,Metallic,NOT_DUPLICATE,HIGH,HIGH,false,Standard prescription clear optical eyeglass frame: Chashmalay UltraLight Hexagon (Rose Gold Copper)
RGP_2795.webp,https://res.cloudinary.com/dpv40ou2c/image/upload/v1790853830/chashmalay/products/bialmwhldyomvczctips.webp,CHM-013,CHM-013-V01,SIDE,false,Eyeglasses,Geometric,Full Rim,Metal,Rose Gold,None,Metallic,SAME_PRODUCT_DIFFERENT_VIEW,HIGH,HIGH,false,Standard prescription clear optical eyeglass frame: Chashmalay UltraLight Hexagon (Rose Gold Copper)
RGP_2796.webp,https://res.cloudinary.com/dpv40ou2c/image/upload/v1790853830/chashmalay/products/y9iqkkazwrw2rgdweirz.webp,CHM-013,CHM-013-V02,FRONT,true,Eyeglasses,Geometric,Full Rim,Metal,Gunmetal,None,Metallic,SAME_PRODUCT_DIFFERENT_COLOR,HIGH,HIGH,false,Standard prescription clear optical eyeglass frame: Chashmalay UltraLight Hexagon (Gunmetal Grey)
RGP_2797.webp,https://res.cloudinary.com/dpv40ou2c/image/upload/v1790853830/chashmalay/products/qhsnaezp7bbmnc6kpxkr.webp,CHM-013,CHM-013-V02,SIDE,false,Eyeglasses,Geometric,Full Rim,Metal,Gunmetal,None,Metallic,SAME_PRODUCT_DIFFERENT_VIEW,HIGH,HIGH,false,Standard prescription clear optical eyeglass frame: Chashmalay UltraLight Hexagon (Gunmetal Grey)
RGP_2798.webp,https://res.cloudinary.com/dpv40ou2c/image/upload/v1790853831/chashmalay/products/hcb5al7vrahp1yzellfw.webp,CHM-013,CHM-013-V03,FRONT,true,Eyeglasses,Geometric,Full Rim,Metal,Gold,None,Metallic,SAME_PRODUCT_DIFFERENT_COLOR,HIGH,HIGH,false,Standard prescription clear optical eyeglass frame: Chashmalay UltraLight Hexagon (Brushed Gold)
RGP_2799.webp,https://res.cloudinary.com/dpv40ou2c/image/upload/v1790853831/chashmalay/products/kbomyohtzdy4p7cguykn.webp,CHM-013,CHM-013-V03,SIDE,false,Eyeglasses,Geometric,Full Rim,Metal,Gold,None,Metallic,SAME_PRODUCT_DIFFERENT_VIEW,HIGH,HIGH,false,Standard prescription clear optical eyeglass frame: Chashmalay UltraLight Hexagon (Brushed Gold)
RGP_2800.webp,https://res.cloudinary.com/dpv40ou2c/image/upload/v1790853831/chashmalay/products/pumllhuxjw3fyy8o31t5.webp,CHM-014,CHM-014-V01,FRONT,true,Eyeglasses,Rectangle,Half Rim / Semi Rimless,Metal,Black,None,Matte,NOT_DUPLICATE,HIGH,HIGH,false,Standard prescription clear optical eyeglass frame: Chashmalay Executive Semi-Rimless (Matte Black)
RGP_2801.webp,https://res.cloudinary.com/dpv40ou2c/image/upload/v1790853831/chashmalay/products/jwa3vvtghfjhcvjdbx5d.webp,CHM-014,CHM-014-V01,SIDE,false,Eyeglasses,Rectangle,Half Rim / Semi Rimless,Metal,Black,None,Matte,SAME_PRODUCT_DIFFERENT_VIEW,HIGH,HIGH,false,Standard prescription clear optical eyeglass frame: Chashmalay Executive Semi-Rimless (Matte Black)
RGP_2803.webp,https://res.cloudinary.com/dpv40ou2c/image/upload/v1790853831/chashmalay/products/jcoom8weft2glbhxroq9.webp,CHM-014,CHM-014-V02,FRONT,true,Eyeglasses,Rectangle,Half Rim / Semi Rimless,Metal,Gunmetal,None,Metallic,SAME_PRODUCT_DIFFERENT_COLOR,HIGH,HIGH,false,Standard prescription clear optical eyeglass frame: Chashmalay Executive Semi-Rimless (Gunmetal Steel)
RGP_2804.webp,https://res.cloudinary.com/dpv40ou2c/image/upload/v1790853831/chashmalay/products/czuqjvjuvbybikwun7xx.webp,CHM-014,CHM-014-V02,SIDE,false,Eyeglasses,Rectangle,Half Rim / Semi Rimless,Metal,Gunmetal,None,Metallic,SAME_PRODUCT_DIFFERENT_VIEW,HIGH,HIGH,false,Standard prescription clear optical eyeglass frame: Chashmalay Executive Semi-Rimless (Gunmetal Steel)
RGP_2805.webp,https://res.cloudinary.com/dpv40ou2c/image/upload/v1790853831/chashmalay/products/cd8b6vt2ol8gngmfdhz9.webp,CHM-014,CHM-014-V03,FRONT,true,Eyeglasses,Rectangle,Half Rim / Semi Rimless,Metal,Blue,None,Metallic,SAME_PRODUCT_DIFFERENT_COLOR,HIGH,HIGH,false,Standard prescription clear optical eyeglass frame: Chashmalay Executive Semi-Rimless (Deep Navy)
RGP_2806.webp,https://res.cloudinary.com/dpv40ou2c/image/upload/v1790853831/chashmalay/products/ciolw3nnwjgbix7jowk1.webp,CHM-014,CHM-014-V03,SIDE,false,Eyeglasses,Rectangle,Half Rim / Semi Rimless,Metal,Blue,None,Metallic,SAME_PRODUCT_DIFFERENT_VIEW,HIGH,HIGH,false,Standard prescription clear optical eyeglass frame: Chashmalay Executive Semi-Rimless (Deep Navy)
RGP_2807.webp,https://res.cloudinary.com/dpv40ou2c/image/upload/v1790853832/chashmalay/products/f4qzewpj6uyooxy30hif.webp,CHM-015,CHM-015-V01,FRONT,true,Eyeglasses,Round,Full Rim,Acetate,Clear,None,Transparent,NOT_DUPLICATE,HIGH,HIGH,false,Standard prescription clear optical eyeglass frame: Chashmalay Studio Modern Round (Crystal Transparent)
RGP_2808.webp,https://res.cloudinary.com/dpv40ou2c/image/upload/v1790853832/chashmalay/products/bnyxytn9qu8oqnymodjs.webp,CHM-015,CHM-015-V01,SIDE,false,Eyeglasses,Round,Full Rim,Acetate,Clear,None,Transparent,SAME_PRODUCT_DIFFERENT_VIEW,HIGH,HIGH,false,Standard prescription clear optical eyeglass frame: Chashmalay Studio Modern Round (Crystal Transparent)
RGP_2809.webp,https://res.cloudinary.com/dpv40ou2c/image/upload/v1790853832/chashmalay/products/o8j6ztyyys4dcr8qneof.webp,CHM-015,CHM-015-V02,FRONT,true,Eyeglasses,Round,Full Rim,Acetate,Amber Honey,None,Matte,SAME_PRODUCT_DIFFERENT_COLOR,HIGH,HIGH,false,Standard prescription clear optical eyeglass frame: Chashmalay Studio Modern Round (Amber Honey)
RGP_2810.webp,https://res.cloudinary.com/dpv40ou2c/image/upload/v1790853832/chashmalay/products/sc3dx92tksprbrrnwixk.webp,CHM-015,CHM-015-V02,SIDE,false,Eyeglasses,Round,Full Rim,Acetate,Amber Honey,None,Matte,SAME_PRODUCT_DIFFERENT_VIEW,HIGH,HIGH,false,Standard prescription clear optical eyeglass frame: Chashmalay Studio Modern Round (Amber Honey)
RGP_2811.webp,https://res.cloudinary.com/dpv40ou2c/image/upload/v1790853832/chashmalay/products/ppj5afrpnrcnuuulnird.webp,CHM-015,CHM-015-V03,FRONT,true,Eyeglasses,Round,Full Rim,Acetate,Black,None,Matte,SAME_PRODUCT_DIFFERENT_COLOR,HIGH,HIGH,false,Standard prescription clear optical eyeglass frame: Chashmalay Studio Modern Round (Piano Black)
RGP_2812.webp,https://res.cloudinary.com/dpv40ou2c/image/upload/v1790853832/chashmalay/products/y1htlnk29lshpgqldgtz.webp,CHM-015,CHM-015-V03,SIDE,false,Eyeglasses,Round,Full Rim,Acetate,Black,None,Matte,SAME_PRODUCT_DIFFERENT_VIEW,HIGH,HIGH,false,Standard prescription clear optical eyeglass frame: Chashmalay Studio Modern Round (Piano Black)
RGP_2813.webp,https://res.cloudinary.com/dpv40ou2c/image/upload/v1790853832/chashmalay/products/p5wmw7kba5p6782lu4qj.webp,CHM-016,CHM-016-V01,FRONT,true,Eyeglasses,Square,Full Rim,TR90 / Flexible Polymer,Green,None,Matte,NOT_DUPLICATE,HIGH,HIGH,false,Standard prescription clear optical eyeglass frame: Chashmalay Prism Angular Square (Matte Olive Green)
RGP_2814.webp,https://res.cloudinary.com/dpv40ou2c/image/upload/v1790853832/chashmalay/products/pte6rsc0levp3s1ripkn.webp,CHM-016,CHM-016-V01,SIDE,false,Eyeglasses,Square,Full Rim,TR90 / Flexible Polymer,Green,None,Matte,SAME_PRODUCT_DIFFERENT_VIEW,HIGH,HIGH,false,Standard prescription clear optical eyeglass frame: Chashmalay Prism Angular Square (Matte Olive Green)
RGP_2815.webp,https://res.cloudinary.com/dpv40ou2c/image/upload/v1790853832/chashmalay/products/rpcg9myk1htyd8r3oysq.webp,CHM-016,CHM-016-V02,FRONT,true,Eyeglasses,Square,Full Rim,TR90 / Flexible Polymer,Brown,None,Matte,SAME_PRODUCT_DIFFERENT_COLOR,HIGH,HIGH,false,Standard prescription clear optical eyeglass frame: Chashmalay Prism Angular Square (Dark Walnut Brown)
RGP_2816.webp,https://res.cloudinary.com/dpv40ou2c/image/upload/v1790853832/chashmalay/products/dietrh7bk8k4nd86byzh.webp,CHM-016,CHM-016-V02,SIDE,false,Eyeglasses,Square,Full Rim,TR90 / Flexible Polymer,Brown,None,Matte,SAME_PRODUCT_DIFFERENT_VIEW,HIGH,HIGH,false,Standard prescription clear optical eyeglass frame: Chashmalay Prism Angular Square (Dark Walnut Brown)
RGP_2818.webp,https://res.cloudinary.com/dpv40ou2c/image/upload/v1790853833/chashmalay/products/qn83od5sriqvzoijjuou.webp,CHM-016,CHM-016-V03,FRONT,true,Eyeglasses,Square,Full Rim,TR90 / Flexible Polymer,Black,None,Matte,SAME_PRODUCT_DIFFERENT_COLOR,HIGH,HIGH,false,Standard prescription clear optical eyeglass frame: Chashmalay Prism Angular Square (Onyx Black)
RGP_2819.webp,https://res.cloudinary.com/dpv40ou2c/image/upload/v1790853833/chashmalay/products/ohyi70vca8b32tkjrfut.webp,CHM-016,CHM-016-V03,SIDE,false,Eyeglasses,Square,Full Rim,TR90 / Flexible Polymer,Black,None,Matte,SAME_PRODUCT_DIFFERENT_VIEW,HIGH,HIGH,false,Standard prescription clear optical eyeglass frame: Chashmalay Prism Angular Square (Onyx Black)
RGP_2820.webp,https://res.cloudinary.com/dpv40ou2c/image/upload/v1790853833/chashmalay/products/bj4zqs77knfbt0kyhlss.webp,CHM-017,CHM-017-V01,FRONT,true,Eyeglasses,Rectangle,Full Rim,Acetate,Grey,None,Matte,NOT_DUPLICATE,HIGH,HIGH,false,Standard prescription clear optical eyeglass frame: Chashmalay Alpha Screen Pro Blue-Light Shield (Charcoal Grey)
RGP_2821.webp,https://res.cloudinary.com/dpv40ou2c/image/upload/v1790853833/chashmalay/products/ebsv6c63nnhk7riwu6gv.webp,CHM-017,CHM-017-V01,SIDE,false,Eyeglasses,Rectangle,Full Rim,Acetate,Grey,None,Matte,SAME_PRODUCT_DIFFERENT_VIEW,HIGH,HIGH,false,Standard prescription clear optical eyeglass frame: Chashmalay Alpha Screen Pro Blue-Light Shield (Charcoal Grey)
RGP_2822.webp,https://res.cloudinary.com/dpv40ou2c/image/upload/v1790853833/chashmalay/products/el3bm912weap9xulske2.webp,CHM-017,CHM-017-V02,FRONT,true,Eyeglasses,Rectangle,Full Rim,Acetate,Deep Cobalt,None,Matte,SAME_PRODUCT_DIFFERENT_COLOR,HIGH,HIGH,false,Standard prescription clear optical eyeglass frame: Chashmalay Alpha Screen Pro Blue-Light Shield (Deep Cobalt)
RGP_2823.webp,https://res.cloudinary.com/dpv40ou2c/image/upload/v1790853833/chashmalay/products/n3d8jpgm30ixpws7yw7m.webp,CHM-017,CHM-017-V02,SIDE,false,Eyeglasses,Rectangle,Full Rim,Acetate,Deep Cobalt,None,Matte,SAME_PRODUCT_DIFFERENT_VIEW,HIGH,HIGH,false,Standard prescription clear optical eyeglass frame: Chashmalay Alpha Screen Pro Blue-Light Shield (Deep Cobalt)
RGP_2824.webp,https://res.cloudinary.com/dpv40ou2c/image/upload/v1790853833/chashmalay/products/sky7nbtc7odnxepcoflx.webp,CHM-017,CHM-017-V03,FRONT,true,Eyeglasses,Rectangle,Full Rim,Acetate,Matte Raven,None,Matte,SAME_PRODUCT_DIFFERENT_COLOR,HIGH,HIGH,false,Standard prescription clear optical eyeglass frame: Chashmalay Alpha Screen Pro Blue-Light Shield (Matte Raven)
RGP_2825.webp,https://res.cloudinary.com/dpv40ou2c/image/upload/v1790853833/chashmalay/products/zzbnaalcgtxupyfskofi.webp,CHM-017,CHM-017-V03,SIDE,false,Eyeglasses,Rectangle,Full Rim,Acetate,Matte Raven,None,Matte,SAME_PRODUCT_DIFFERENT_VIEW,HIGH,HIGH,false,Standard prescription clear optical eyeglass frame: Chashmalay Alpha Screen Pro Blue-Light Shield (Matte Raven)
RGP_2826.webp,https://res.cloudinary.com/dpv40ou2c/image/upload/v1790853833/chashmalay/products/fzqh9rwlsijxd9syoks3.webp,CHM-018,CHM-018-V01,FRONT,true,Eyeglasses,Square,Full Rim,Acetate,Tortoise,Gold,Tortoise,NOT_DUPLICATE,HIGH,HIGH,false,Standard prescription clear optical eyeglass frame: Chashmalay Contour Soft Square (Burgundy Tortoise)
RGP_2827.webp,https://res.cloudinary.com/dpv40ou2c/image/upload/v1790853834/chashmalay/products/f1b6zfvofbxlcno5bmc2.webp,CHM-018,CHM-018-V01,SIDE,false,Eyeglasses,Square,Full Rim,Acetate,Tortoise,Gold,Tortoise,SAME_PRODUCT_DIFFERENT_VIEW,HIGH,HIGH,false,Standard prescription clear optical eyeglass frame: Chashmalay Contour Soft Square (Burgundy Tortoise)
RGP_2828.webp,https://res.cloudinary.com/dpv40ou2c/image/upload/v1790853834/chashmalay/products/h6lwvkkib0ylndxls532.webp,CHM-018,CHM-018-V02,FRONT,true,Eyeglasses,Square,Full Rim,Acetate,Smoky Translucent,None,Matte,SAME_PRODUCT_DIFFERENT_COLOR,HIGH,HIGH,false,Standard prescription clear optical eyeglass frame: Chashmalay Contour Soft Square (Smoky Translucent)
RGP_2829.webp,https://res.cloudinary.com/dpv40ou2c/image/upload/v1790853834/chashmalay/products/bctrqptes09p3jrrgky8.webp,CHM-018,CHM-018-V02,SIDE,false,Eyeglasses,Square,Full Rim,Acetate,Smoky Translucent,None,Matte,SAME_PRODUCT_DIFFERENT_VIEW,HIGH,HIGH,false,Standard prescription clear optical eyeglass frame: Chashmalay Contour Soft Square (Smoky Translucent)
RGP_2830.webp,https://res.cloudinary.com/dpv40ou2c/image/upload/v1790853841/chashmalay/products/df8poelpiegzqfv2i4by.webp,CHM-018,CHM-018-V03,FRONT,true,Eyeglasses,Square,Full Rim,Acetate,Black,None,Matte,SAME_PRODUCT_DIFFERENT_COLOR,HIGH,HIGH,false,Standard prescription clear optical eyeglass frame: Chashmalay Contour Soft Square (Classic Jet Black)
RGP_2831.webp,https://res.cloudinary.com/dpv40ou2c/image/upload/v1790853841/chashmalay/products/fz5ope8evbi9qxrbpkqq.webp,CHM-018,CHM-018-V03,SIDE,false,Eyeglasses,Square,Full Rim,Acetate,Black,None,Matte,SAME_PRODUCT_DIFFERENT_VIEW,HIGH,HIGH,false,Standard prescription clear optical eyeglass frame: Chashmalay Contour Soft Square (Classic Jet Black)
RGP_2832.webp,https://res.cloudinary.com/dpv40ou2c/image/upload/v1790853842/chashmalay/products/akjfkci4rg7wsk14mmqv.webp,CHM-019,CHM-019-V01,FRONT,true,Eyeglasses,Rectangle,Rimless,Metal,Silver,None,Metallic,NOT_DUPLICATE,HIGH,HIGH,false,Standard prescription clear optical eyeglass frame: Chashmalay Luxe Rimless Titanium (Brushed Silver)
RGP_2833.webp,https://res.cloudinary.com/dpv40ou2c/image/upload/v1790853841/chashmalay/products/iy4kvsb0ma4fvfgz3skn.webp,CHM-019,CHM-019-V01,SIDE,false,Eyeglasses,Rectangle,Rimless,Metal,Silver,None,Metallic,SAME_PRODUCT_DIFFERENT_VIEW,HIGH,HIGH,false,Standard prescription clear optical eyeglass frame: Chashmalay Luxe Rimless Titanium (Brushed Silver)
RGP_2834.webp,https://res.cloudinary.com/dpv40ou2c/image/upload/v1790853841/chashmalay/products/to7je83wciozqp3mataq.webp,CHM-019,CHM-019-V02,FRONT,true,Eyeglasses,Rectangle,Rimless,Metal,Gold,None,Metallic,SAME_PRODUCT_DIFFERENT_COLOR,HIGH,HIGH,false,Standard prescription clear optical eyeglass frame: Chashmalay Luxe Rimless Titanium (Champagne Gold)
RGP_2835.webp,https://res.cloudinary.com/dpv40ou2c/image/upload/v1790853841/chashmalay/products/rcpn97qxujur8cg4owru.webp,CHM-019,CHM-019-V02,SIDE,false,Eyeglasses,Rectangle,Rimless,Metal,Gold,None,Metallic,SAME_PRODUCT_DIFFERENT_VIEW,HIGH,HIGH,false,Standard prescription clear optical eyeglass frame: Chashmalay Luxe Rimless Titanium (Champagne Gold)
RGP_2836.webp,https://res.cloudinary.com/dpv40ou2c/image/upload/v1790853841/chashmalay/products/ywpdbzaayxcgrkms8x5s.webp,CHM-019,CHM-019-V03,FRONT,true,Eyeglasses,Rectangle,Rimless,Metal,Gunmetal,None,Metallic,SAME_PRODUCT_DIFFERENT_COLOR,HIGH,HIGH,false,Standard prescription clear optical eyeglass frame: Chashmalay Luxe Rimless Titanium (Gunmetal)
RGP_2837.webp,https://res.cloudinary.com/dpv40ou2c/image/upload/v1790853840/chashmalay/products/ddouysymabie7ms8iijf.webp,CHM-019,CHM-019-V03,SIDE,false,Eyeglasses,Rectangle,Rimless,Metal,Gunmetal,None,Metallic,SAME_PRODUCT_DIFFERENT_VIEW,HIGH,HIGH,false,Standard prescription clear optical eyeglass frame: Chashmalay Luxe Rimless Titanium (Gunmetal)
RGP_2838.webp,https://res.cloudinary.com/dpv40ou2c/image/upload/v1790853841/chashmalay/products/qoovj8wjsn1y7svekm0v.webp,CHM-020,CHM-020-V01,FRONT,true,Eyeglasses,Square,Full Rim,TR90 / Flexible Polymer,Black,Silver,Matte,NOT_DUPLICATE,HIGH,HIGH,false,Standard prescription clear optical eyeglass frame: Chashmalay Nova Navigator Optical (Matte Black Silver)
RGP_2839.webp,https://res.cloudinary.com/dpv40ou2c/image/upload/v1790853843/chashmalay/products/cvuegb7ejayzacewgmqu.webp,CHM-020,CHM-020-V01,SIDE,false,Eyeglasses,Square,Full Rim,TR90 / Flexible Polymer,Black,Silver,Matte,SAME_PRODUCT_DIFFERENT_VIEW,HIGH,HIGH,false,Standard prescription clear optical eyeglass frame: Chashmalay Nova Navigator Optical (Matte Black Silver)
RGP_2840.webp,https://res.cloudinary.com/dpv40ou2c/image/upload/v1790853843/chashmalay/products/sfwpcaofaaodcnemdqon.webp,CHM-020,CHM-020-V02,FRONT,true,Eyeglasses,Square,Full Rim,TR90 / Flexible Polymer,Military Olive,None,Matte,SAME_PRODUCT_DIFFERENT_COLOR,HIGH,HIGH,false,Standard prescription clear optical eyeglass frame: Chashmalay Nova Navigator Optical (Military Olive)
RGP_2841.webp,https://res.cloudinary.com/dpv40ou2c/image/upload/v1790853843/chashmalay/products/dezvlbyvcqngflbvgcmz.webp,CHM-020,CHM-020-V02,SIDE,false,Eyeglasses,Square,Full Rim,TR90 / Flexible Polymer,Military Olive,None,Matte,SAME_PRODUCT_DIFFERENT_VIEW,HIGH,HIGH,false,Standard prescription clear optical eyeglass frame: Chashmalay Nova Navigator Optical (Military Olive)
RGP_2842.webp,https://res.cloudinary.com/dpv40ou2c/image/upload/v1790853842/chashmalay/products/wkeno3rorm8cfwyvzft9.webp,CHM-020,CHM-020-V03,FRONT,true,Eyeglasses,Square,Full Rim,TR90 / Flexible Polymer,Gunmetal,None,Matte,SAME_PRODUCT_DIFFERENT_COLOR,HIGH,HIGH,false,Standard prescription clear optical eyeglass frame: Chashmalay Nova Navigator Optical (Navy Blue Gunmetal)
RGP_2843.webp,https://res.cloudinary.com/dpv40ou2c/image/upload/v1790853843/chashmalay/products/jtngjyparw4zbi8go81l.webp,CHM-020,CHM-020-V03,SIDE,false,Eyeglasses,Square,Full Rim,TR90 / Flexible Polymer,Gunmetal,None,Matte,SAME_PRODUCT_DIFFERENT_VIEW,HIGH,HIGH,false,Standard prescription clear optical eyeglass frame: Chashmalay Nova Navigator Optical (Navy Blue Gunmetal)
RGP_2845.webp,https://res.cloudinary.com/dpv40ou2c/image/upload/v1790853843/chashmalay/products/uqqpgb6senjwx962bytq.webp,CHM-021,CHM-021-V01,FRONT,true,Eyeglasses,Cat Eye,Full Rim,Acetate,Clear,None,Transparent,NOT_DUPLICATE,HIGH,HIGH,false,Standard prescription clear optical eyeglass frame: Chashmalay Flare Butterfly Cat-Eye (Rose Quartz Clear)
RGP_2846.webp,https://res.cloudinary.com/dpv40ou2c/image/upload/v1790853843/chashmalay/products/ryynd5weifs6k7fcpoe6.webp,CHM-021,CHM-021-V01,SIDE,false,Eyeglasses,Cat Eye,Full Rim,Acetate,Clear,None,Transparent,SAME_PRODUCT_DIFFERENT_VIEW,HIGH,HIGH,false,Standard prescription clear optical eyeglass frame: Chashmalay Flare Butterfly Cat-Eye (Rose Quartz Clear)
RGP_2847.webp,https://res.cloudinary.com/dpv40ou2c/image/upload/v1790853843/chashmalay/products/wqynxwngiyzeker374f2.webp,CHM-021,CHM-021-V02,FRONT,true,Eyeglasses,Cat Eye,Full Rim,Acetate,Tortoise,Gold,Tortoise,SAME_PRODUCT_DIFFERENT_COLOR,HIGH,HIGH,false,Standard prescription clear optical eyeglass frame: Chashmalay Flare Butterfly Cat-Eye (Leopard Havana)
RGP_2848.webp,https://res.cloudinary.com/dpv40ou2c/image/upload/v1790853844/chashmalay/products/u9m2ac79vncobtdd73c9.webp,CHM-021,CHM-021-V02,SIDE,false,Eyeglasses,Cat Eye,Full Rim,Acetate,Tortoise,Gold,Tortoise,SAME_PRODUCT_DIFFERENT_VIEW,HIGH,HIGH,false,Standard prescription clear optical eyeglass frame: Chashmalay Flare Butterfly Cat-Eye (Leopard Havana)
RGP_2850.webp,https://res.cloudinary.com/dpv40ou2c/image/upload/v1790853844/chashmalay/products/yg5ljgrax8nl1kqtawlc.webp,CHM-021,CHM-021-V03,FRONT,true,Eyeglasses,Cat Eye,Full Rim,Acetate,Black,None,Glossy,SAME_PRODUCT_DIFFERENT_COLOR,HIGH,HIGH,false,Standard prescription clear optical eyeglass frame: Chashmalay Flare Butterfly Cat-Eye (Gloss Black)
RGP_2851.webp,https://res.cloudinary.com/dpv40ou2c/image/upload/v1790853844/chashmalay/products/vq4dgqu8l4ypu6t97ase.webp,CHM-021,CHM-021-V03,SIDE,false,Eyeglasses,Cat Eye,Full Rim,Acetate,Black,None,Glossy,SAME_PRODUCT_DIFFERENT_VIEW,HIGH,HIGH,false,Standard prescription clear optical eyeglass frame: Chashmalay Flare Butterfly Cat-Eye (Gloss Black)
RGP_2852.webp,https://res.cloudinary.com/dpv40ou2c/image/upload/v1790853844/chashmalay/products/xlcnnqcosqnihhozcdwo.webp,CHM-022,CHM-022-V01,FRONT,true,Eyeglasses,Round,Full Rim,Acetate,Tortoise,Gold,Tortoise,NOT_DUPLICATE,HIGH,HIGH,false,Standard prescription clear optical eyeglass frame: Chashmalay Matrix Thin Anti-Glare Round (Tortoise Amber)
RGP_2853.webp,https://res.cloudinary.com/dpv40ou2c/image/upload/v1790853845/chashmalay/products/oc8nbgibj4g9bueongtm.webp,CHM-022,CHM-022-V01,SIDE,false,Eyeglasses,Round,Full Rim,Acetate,Tortoise,Gold,Tortoise,SAME_PRODUCT_DIFFERENT_VIEW,HIGH,HIGH,false,Standard prescription clear optical eyeglass frame: Chashmalay Matrix Thin Anti-Glare Round (Tortoise Amber)
RGP_2854.webp,https://res.cloudinary.com/dpv40ou2c/image/upload/v1790853845/chashmalay/products/katrc9gryqj5lhni9cpw.webp,CHM-022,CHM-022-V02,FRONT,true,Eyeglasses,Round,Full Rim,Acetate,Clear,None,Transparent,SAME_PRODUCT_DIFFERENT_COLOR,HIGH,HIGH,false,Standard prescription clear optical eyeglass frame: Chashmalay Matrix Thin Anti-Glare Round (Transparent Crystal)
RGP_2855.webp,https://res.cloudinary.com/dpv40ou2c/image/upload/v1790853845/chashmalay/products/rv0dokt0tq78wfe4lrb4.webp,CHM-022,CHM-022-V02,SIDE,false,Eyeglasses,Round,Full Rim,Acetate,Clear,None,Transparent,SAME_PRODUCT_DIFFERENT_VIEW,HIGH,HIGH,false,Standard prescription clear optical eyeglass frame: Chashmalay Matrix Thin Anti-Glare Round (Transparent Crystal)
RGP_2856.webp,https://res.cloudinary.com/dpv40ou2c/image/upload/v1790853845/chashmalay/products/ex81vs2gkvsholuluozk.webp,CHM-022,CHM-022-V03,FRONT,true,Eyeglasses,Round,Full Rim,Acetate,Black,None,Matte,SAME_PRODUCT_DIFFERENT_COLOR,HIGH,HIGH,false,Standard prescription clear optical eyeglass frame: Chashmalay Matrix Thin Anti-Glare Round (Midnight Black)
RGP_2857.webp,https://res.cloudinary.com/dpv40ou2c/image/upload/v1790853845/chashmalay/products/uzxc1qfyfgwfkzdrm21o.webp,CHM-022,CHM-022-V03,SIDE,false,Eyeglasses,Round,Full Rim,Acetate,Black,None,Matte,SAME_PRODUCT_DIFFERENT_VIEW,HIGH,HIGH,false,Standard prescription clear optical eyeglass frame: Chashmalay Matrix Thin Anti-Glare Round (Midnight Black)
RGP_2858.webp,https://res.cloudinary.com/dpv40ou2c/image/upload/v1790853845/chashmalay/products/fdptumcxcp2rzvsbcpag.webp,CHM-023,CHM-023-V01,FRONT,true,Eyeglasses,Geometric,Full Rim,Metal,Brushed Bronze,None,Metallic,NOT_DUPLICATE,HIGH,HIGH,false,Standard prescription clear optical eyeglass frame: Chashmalay Apex Octagon Metal (Brushed Bronze)
RGP_2859.webp,https://res.cloudinary.com/dpv40ou2c/image/upload/v1790853846/chashmalay/products/jcb1tcuwzkxbuzymux71.webp,CHM-023,CHM-023-V01,SIDE,false,Eyeglasses,Geometric,Full Rim,Metal,Brushed Bronze,None,Metallic,SAME_PRODUCT_DIFFERENT_VIEW,HIGH,HIGH,false,Standard prescription clear optical eyeglass frame: Chashmalay Apex Octagon Metal (Brushed Bronze)
RGP_2860.webp,https://res.cloudinary.com/dpv40ou2c/image/upload/v1790853845/chashmalay/products/wcf2cmptaqtqmiftpjl0.webp,CHM-023,CHM-023-V02,FRONT,true,Eyeglasses,Geometric,Full Rim,Metal,Silver,None,Metallic,SAME_PRODUCT_DIFFERENT_COLOR,HIGH,HIGH,false,Standard prescription clear optical eyeglass frame: Chashmalay Apex Octagon Metal (Polished Silver)
RGP_2861.webp,https://res.cloudinary.com/dpv40ou2c/image/upload/v1790853845/chashmalay/products/iceorkbjbohsg1kbbxb8.webp,CHM-023,CHM-023-V02,SIDE,false,Eyeglasses,Geometric,Full Rim,Metal,Silver,None,Metallic,SAME_PRODUCT_DIFFERENT_VIEW,HIGH,HIGH,false,Standard prescription clear optical eyeglass frame: Chashmalay Apex Octagon Metal (Polished Silver)
RGP_2862.webp,https://res.cloudinary.com/dpv40ou2c/image/upload/v1790853846/chashmalay/products/jcvgqjsh2mpg8i2jbrzz.webp,CHM-023,CHM-023-V03,FRONT,true,Eyeglasses,Geometric,Full Rim,Metal,Black,None,Matte,SAME_PRODUCT_DIFFERENT_COLOR,HIGH,HIGH,false,Standard prescription clear optical eyeglass frame: Chashmalay Apex Octagon Metal (Matte Black)
RGP_2863.webp,https://res.cloudinary.com/dpv40ou2c/image/upload/v1790853846/chashmalay/products/weekssiwn0wd1e9mufda.webp,CHM-023,CHM-023-V03,SIDE,false,Eyeglasses,Geometric,Full Rim,Metal,Black,None,Matte,SAME_PRODUCT_DIFFERENT_VIEW,HIGH,HIGH,false,Standard prescription clear optical eyeglass frame: Chashmalay Apex Octagon Metal (Matte Black)
RGP_2864.webp,https://res.cloudinary.com/dpv40ou2c/image/upload/v1790853846/chashmalay/products/srsaubxwgqntfupntboh.webp,CHM-024,CHM-024-V01,FRONT,true,Sunglasses,Aviator,Full Rim,Metal,Gunmetal,None,Matte,NOT_DUPLICATE,HIGH,HIGH,false,Polarized / UV Sun protection shades: Chashmalay Pioneer Pilot Double-Bridge Sun (Gunmetal Matte Smoke)
RGP_2865.webp,https://res.cloudinary.com/dpv40ou2c/image/upload/v1790853846/chashmalay/products/aux6vnlgjyiwjcrfnpzw.webp,CHM-024,CHM-024-V01,SIDE,false,Sunglasses,Aviator,Full Rim,Metal,Gunmetal,None,Matte,SAME_PRODUCT_DIFFERENT_VIEW,HIGH,HIGH,false,Polarized / UV Sun protection shades: Chashmalay Pioneer Pilot Double-Bridge Sun (Gunmetal Matte Smoke)
RGP_2866.webp,https://res.cloudinary.com/dpv40ou2c/image/upload/v1790853846/chashmalay/products/pxecwai6du7f7ifv2aos.webp,CHM-024,CHM-024-V02,FRONT,true,Sunglasses,Aviator,Full Rim,Metal,Gold,Brown,Metallic,SAME_PRODUCT_DIFFERENT_COLOR,HIGH,HIGH,false,Polarized / UV Sun protection shades: Chashmalay Pioneer Pilot Double-Bridge Sun (Warm Gold Brown)
RGP_2867.webp,https://res.cloudinary.com/dpv40ou2c/image/upload/v1790853847/chashmalay/products/ex6txmjprdgqmr8l9nih.webp,CHM-024,CHM-024-V02,SIDE,false,Sunglasses,Aviator,Full Rim,Metal,Gold,Brown,Metallic,SAME_PRODUCT_DIFFERENT_VIEW,HIGH,HIGH,false,Polarized / UV Sun protection shades: Chashmalay Pioneer Pilot Double-Bridge Sun (Warm Gold Brown)
RGP_2868.webp,https://res.cloudinary.com/dpv40ou2c/image/upload/v1790853846/chashmalay/products/umw6tly1hsfi3hvwhbe8.webp,CHM-024,CHM-024-V03,FRONT,true,Sunglasses,Aviator,Full Rim,Metal,Black,None,Metallic,SAME_PRODUCT_DIFFERENT_COLOR,HIGH,HIGH,false,Polarized / UV Sun protection shades: Chashmalay Pioneer Pilot Double-Bridge Sun (Stealth Black Dark Tint)
RGP_2869.webp,https://res.cloudinary.com/dpv40ou2c/image/upload/v1790853847/chashmalay/products/ns7vzhoyn3mqxaej2z13.webp,CHM-024,CHM-024-V03,SIDE,false,Sunglasses,Aviator,Full Rim,Metal,Black,None,Metallic,SAME_PRODUCT_DIFFERENT_VIEW,HIGH,HIGH,false,Polarized / UV Sun protection shades: Chashmalay Pioneer Pilot Double-Bridge Sun (Stealth Black Dark Tint)
RGP_2870.webp,https://res.cloudinary.com/dpv40ou2c/image/upload/v1790853847/chashmalay/products/u5abcbm3oobveemuqu8j.webp,CHM-025,CHM-025-V01,FRONT,true,Eyeglasses,Oval,Full Rim,Acetate,Pink,None,Matte,NOT_DUPLICATE,HIGH,HIGH,false,Standard prescription clear optical eyeglass frame: Chashmalay Vogue Elegance Oval (Blush Peach)
RGP_2871.webp,https://res.cloudinary.com/dpv40ou2c/image/upload/v1790853847/chashmalay/products/qybdh0fyxnxjqcuvwdcc.webp,CHM-025,CHM-025-V01,SIDE,false,Eyeglasses,Oval,Full Rim,Acetate,Pink,None,Matte,SAME_PRODUCT_DIFFERENT_VIEW,HIGH,HIGH,false,Standard prescription clear optical eyeglass frame: Chashmalay Vogue Elegance Oval (Blush Peach)
RGP_2872.webp,https://res.cloudinary.com/dpv40ou2c/image/upload/v1790853847/chashmalay/products/li6ydq6qt8imawwb5pgv.webp,CHM-025,CHM-025-V02,FRONT,true,Eyeglasses,Oval,Full Rim,Acetate,Honey Demi,None,Tortoise,SAME_PRODUCT_DIFFERENT_COLOR,HIGH,HIGH,false,Standard prescription clear optical eyeglass frame: Chashmalay Vogue Elegance Oval (Honey Demi)
RGP_2873.webp,https://res.cloudinary.com/dpv40ou2c/image/upload/v1790853847/chashmalay/products/yhl5dgbjr4p3m2nzybet.webp,CHM-025,CHM-025-V02,SIDE,false,Eyeglasses,Oval,Full Rim,Acetate,Honey Demi,None,Tortoise,SAME_PRODUCT_DIFFERENT_VIEW,HIGH,HIGH,false,Standard prescription clear optical eyeglass frame: Chashmalay Vogue Elegance Oval (Honey Demi)
RGP_2874.webp,https://res.cloudinary.com/dpv40ou2c/image/upload/v1790853847/chashmalay/products/v9lussxxz7tnryaueld8.webp,CHM-025,CHM-025-V03,FRONT,true,Eyeglasses,Oval,Full Rim,Acetate,Black,None,Matte,SAME_PRODUCT_DIFFERENT_COLOR,HIGH,HIGH,false,Standard prescription clear optical eyeglass frame: Chashmalay Vogue Elegance Oval (Jet Black)
RGP_2875.webp,https://res.cloudinary.com/dpv40ou2c/image/upload/v1790853847/chashmalay/products/nmxpokbxibiezp12az1o.webp,CHM-025,CHM-025-V03,SIDE,false,Eyeglasses,Oval,Full Rim,Acetate,Black,None,Matte,SAME_PRODUCT_DIFFERENT_VIEW,HIGH,HIGH,false,Standard prescription clear optical eyeglass frame: Chashmalay Vogue Elegance Oval (Jet Black)
RGP_2876.webp,https://res.cloudinary.com/dpv40ou2c/image/upload/v1790853848/chashmalay/products/sqp5dzlncxwb5wqt51ep.webp,CHM-026,CHM-026-V01,FRONT,true,Clip-On Glasses,Rectangle,Full Rim,TR90 / Flexible Polymer,Black,None,Matte,NOT_DUPLICATE,HIGH,HIGH,false,Front view with polarized clip-on attached
RGP_2877.webp,https://res.cloudinary.com/dpv40ou2c/image/upload/v1790853848/chashmalay/products/uagvapten5gi6ldcwqzy.webp,CHM-026,CHM-026-V01,FRONT,false,Clip-On Glasses,Rectangle,Full Rim,TR90 / Flexible Polymer,Black,None,Matte,SAME_PRODUCT_DIFFERENT_VIEW,HIGH,HIGH,false,Front view with polarized clip-on attached (alternate perspective)
RGP_2878.webp,https://res.cloudinary.com/dpv40ou2c/image/upload/v1790853848/chashmalay/products/ijcsc3szmbkx4ktptvjy.webp,CHM-026,CHM-026-V02,FRONT,true,Clip-On Glasses,Rectangle,Full Rim,TR90 / Flexible Polymer,Blue,None,Matte,SAME_PRODUCT_DIFFERENT_COLOR,HIGH,HIGH,false,Front view with polarized clip-on attached
RGP_2879.webp,https://res.cloudinary.com/dpv40ou2c/image/upload/v1790853848/chashmalay/products/zk3vaxsrrw8mgjidoiuo.webp,CHM-026,CHM-026-V02,FRONT,false,Clip-On Glasses,Rectangle,Full Rim,TR90 / Flexible Polymer,Blue,None,Matte,SAME_PRODUCT_DIFFERENT_VIEW,HIGH,HIGH,false,Clear prescription optical frame view (normal glasses without clip-on)
RGP_2880.webp,https://res.cloudinary.com/dpv40ou2c/image/upload/v1790853848/chashmalay/products/umj8k8cdjqrnhp0uu1s9.webp,CHM-026,CHM-026-V03,FRONT,true,Clip-On Glasses,Rectangle,Full Rim,TR90 / Flexible Polymer,Black,None,Matte,SAME_PRODUCT_DIFFERENT_COLOR,HIGH,HIGH,false,Front view with polarized clip-on attached
RGP_2881.webp,https://res.cloudinary.com/dpv40ou2c/image/upload/v1790853848/chashmalay/products/owvzsd7iacsc6pkh5bgh.webp,CHM-026,CHM-026-V03,FRONT,false,Clip-On Glasses,Rectangle,Full Rim,TR90 / Flexible Polymer,Black,None,Matte,SAME_PRODUCT_DIFFERENT_VIEW,HIGH,HIGH,false,Clear prescription optical frame view (normal glasses without clip-on)
RGP_2882.webp,https://res.cloudinary.com/dpv40ou2c/image/upload/v1790853848/chashmalay/products/swv3blzriaa3azzlzonp.webp,CHM-027,CHM-027-V01,FRONT,true,Kids Eyewear,Wayfarer,Full Rim,TR90 / Flexible Polymer,Tortoise,Gold,Matte,NOT_DUPLICATE,HIGH,HIGH,false,Junior flexible ergonomic optical frame: Chashmalay Kinetic Junior Wayfarer (Matte Brown Tortoise)
RGP_2883.webp,https://res.cloudinary.com/dpv40ou2c/image/upload/v1790853849/chashmalay/products/pwhoun5sfdh6zodshic8.webp,CHM-027,CHM-027-V01,SIDE,false,Kids Eyewear,Wayfarer,Full Rim,TR90 / Flexible Polymer,Tortoise,Gold,Matte,SAME_PRODUCT_DIFFERENT_VIEW,HIGH,HIGH,false,Junior flexible ergonomic optical frame: Chashmalay Kinetic Junior Wayfarer (Matte Brown Tortoise)
RGP_2884.webp,https://res.cloudinary.com/dpv40ou2c/image/upload/v1790853848/chashmalay/products/t7cvctdvidog1waiozpa.webp,CHM-027,CHM-027-V02,FRONT,true,Kids Eyewear,Wayfarer,Full Rim,TR90 / Flexible Polymer,Grey,None,Matte,SAME_PRODUCT_DIFFERENT_COLOR,HIGH,HIGH,false,Junior flexible ergonomic optical frame: Chashmalay Kinetic Junior Wayfarer (Frosted Grey)
RGP_2885.webp,https://res.cloudinary.com/dpv40ou2c/image/upload/v1790853849/chashmalay/products/igaaot1vbdippjo2h7zk.webp,CHM-027,CHM-027-V02,SIDE,false,Kids Eyewear,Wayfarer,Full Rim,TR90 / Flexible Polymer,Grey,None,Matte,SAME_PRODUCT_DIFFERENT_VIEW,HIGH,HIGH,false,Junior flexible ergonomic optical frame: Chashmalay Kinetic Junior Wayfarer (Frosted Grey)
RGP_2886.webp,https://res.cloudinary.com/dpv40ou2c/image/upload/v1790853849/chashmalay/products/xmf6p02ycmhbmqwnf6pz.webp,CHM-027,CHM-027-V03,FRONT,true,Kids Eyewear,Wayfarer,Full Rim,TR90 / Flexible Polymer,Black,None,Matte,SAME_PRODUCT_DIFFERENT_COLOR,HIGH,HIGH,false,Junior flexible ergonomic optical frame: Chashmalay Kinetic Junior Wayfarer (Deep Ink Black)
RGP_2887.webp,https://res.cloudinary.com/dpv40ou2c/image/upload/v1790853849/chashmalay/products/xuxomgrtre5dxbxmemsf.webp,CHM-027,CHM-027-V03,SIDE,false,Kids Eyewear,Wayfarer,Full Rim,TR90 / Flexible Polymer,Black,None,Matte,SAME_PRODUCT_DIFFERENT_VIEW,HIGH,HIGH,false,Junior flexible ergonomic optical frame: Chashmalay Kinetic Junior Wayfarer (Deep Ink Black)
RGP_2888.webp,https://res.cloudinary.com/dpv40ou2c/image/upload/v1790853849/chashmalay/products/qxxtqbsva7xmywpkoyhz.webp,CHM-028,CHM-028-V01,FRONT,true,Reading Glasses,Square,Full Rim,Plastic,Tortoise,Gold,Tortoise,NOT_DUPLICATE,HIGH,HIGH,false,Near-vision presbyopia magnification reader: Chashmalay Classic Square Reader (Amber Tortoise)
RGP_2889.webp,https://res.cloudinary.com/dpv40ou2c/image/upload/v1790853849/chashmalay/products/bcb7wga6b282qddgzaqt.webp,CHM-028,CHM-028-V01,SIDE,false,Reading Glasses,Square,Full Rim,Plastic,Tortoise,Gold,Tortoise,SAME_PRODUCT_DIFFERENT_VIEW,HIGH,HIGH,false,Near-vision presbyopia magnification reader: Chashmalay Classic Square Reader (Amber Tortoise)
RGP_2890.webp,https://res.cloudinary.com/dpv40ou2c/image/upload/v1790853849/chashmalay/products/phwndjg4zl0nglyajyj9.webp,CHM-028,CHM-028-V02,FRONT,true,Reading Glasses,Square,Full Rim,Plastic,Clear,None,Transparent,SAME_PRODUCT_DIFFERENT_COLOR,HIGH,HIGH,false,Near-vision presbyopia magnification reader: Chashmalay Classic Square Reader (Crystal Clear)
RGP_2891.webp,https://res.cloudinary.com/dpv40ou2c/image/upload/v1790853849/chashmalay/products/bbhagcyb6wjcmwgsace7.webp,CHM-028,CHM-028-V02,SIDE,false,Reading Glasses,Square,Full Rim,Plastic,Clear,None,Transparent,SAME_PRODUCT_DIFFERENT_VIEW,HIGH,HIGH,false,Near-vision presbyopia magnification reader: Chashmalay Classic Square Reader (Crystal Clear)
RGP_2892.webp,https://res.cloudinary.com/dpv40ou2c/image/upload/v1790853849/chashmalay/products/nlxzghas3ftdedlk52vr.webp,CHM-028,CHM-028-V03,FRONT,true,Reading Glasses,Square,Full Rim,Plastic,Black,None,Matte,SAME_PRODUCT_DIFFERENT_COLOR,HIGH,HIGH,false,Near-vision presbyopia magnification reader: Chashmalay Classic Square Reader (Midnight Black)
RGP_2893.webp,https://res.cloudinary.com/dpv40ou2c/image/upload/v1790853849/chashmalay/products/qnztywiunzbu9ptbgufi.webp,CHM-028,CHM-028-V03,SIDE,false,Reading Glasses,Square,Full Rim,Plastic,Black,None,Matte,SAME_PRODUCT_DIFFERENT_VIEW,HIGH,HIGH,false,Near-vision presbyopia magnification reader: Chashmalay Classic Square Reader (Midnight Black)
RGP_2894.webp,https://res.cloudinary.com/dpv40ou2c/image/upload/v1790853849/chashmalay/products/m3b5m4vqtmadkvcqfynq.webp,CHM-029,CHM-029-V01,FRONT,true,Eyeglasses,Rectangle,Full Rim,Metal,Gunmetal,None,Metallic,NOT_DUPLICATE,HIGH,HIGH,false,Standard prescription clear optical eyeglass frame: Chashmalay Urbanite Slim Rectangle (Gunmetal Silver)
RGP_2895.webp,https://res.cloudinary.com/dpv40ou2c/image/upload/v1790853850/chashmalay/products/ulw10qfchcihxp17gwzx.webp,CHM-029,CHM-029-V01,SIDE,false,Eyeglasses,Rectangle,Full Rim,Metal,Gunmetal,None,Metallic,SAME_PRODUCT_DIFFERENT_VIEW,HIGH,HIGH,false,Standard prescription clear optical eyeglass frame: Chashmalay Urbanite Slim Rectangle (Gunmetal Silver)
RGP_2896.webp,https://res.cloudinary.com/dpv40ou2c/image/upload/v1790853850/chashmalay/products/fwvvzhtxpmnvvofwei3k.webp,CHM-029,CHM-029-V02,FRONT,true,Eyeglasses,Rectangle,Full Rim,Metal,Gold,None,Metallic,SAME_PRODUCT_DIFFERENT_COLOR,HIGH,HIGH,false,Standard prescription clear optical eyeglass frame: Chashmalay Urbanite Slim Rectangle (Classic Gold)
RGP_2897.webp,https://res.cloudinary.com/dpv40ou2c/image/upload/v1790853850/chashmalay/products/qhmwbugsgdjzgnsllk5x.webp,CHM-029,CHM-029-V02,SIDE,false,Eyeglasses,Rectangle,Full Rim,Metal,Gold,None,Metallic,SAME_PRODUCT_DIFFERENT_VIEW,HIGH,HIGH,false,Standard prescription clear optical eyeglass frame: Chashmalay Urbanite Slim Rectangle (Classic Gold)
RGP_2898.webp,https://res.cloudinary.com/dpv40ou2c/image/upload/v1790853850/chashmalay/products/cpxzte3emyqncnqjuw9v.webp,CHM-029,CHM-029-V03,FRONT,true,Eyeglasses,Rectangle,Full Rim,Metal,Black,None,Matte,SAME_PRODUCT_DIFFERENT_COLOR,HIGH,HIGH,false,Standard prescription clear optical eyeglass frame: Chashmalay Urbanite Slim Rectangle (Matte Black)
RGP_2899.webp,https://res.cloudinary.com/dpv40ou2c/image/upload/v1790853850/chashmalay/products/xtnuuknwltbvofundq0j.webp,CHM-029,CHM-029-V03,SIDE,false,Eyeglasses,Rectangle,Full Rim,Metal,Black,None,Matte,SAME_PRODUCT_DIFFERENT_VIEW,HIGH,HIGH,false,Standard prescription clear optical eyeglass frame: Chashmalay Urbanite Slim Rectangle (Matte Black)
RGP_2900.webp,https://res.cloudinary.com/dpv40ou2c/image/upload/v1790853850/chashmalay/products/t9rbgszjwqvppnn3hqqx.webp,CHM-030,CHM-030-V01,FRONT,true,Eyeglasses,Rectangle,Rimless,Metal,Polished Chrome,None,Metallic,NOT_DUPLICATE,HIGH,HIGH,false,Standard prescription clear optical eyeglass frame: Chashmalay Titan Precision Rimless (Polished Chrome)
RGP_2901.webp,https://res.cloudinary.com/dpv40ou2c/image/upload/v1790853850/chashmalay/products/xyukhnyja4tc8cscdkpl.webp,CHM-030,CHM-030-V01,SIDE,false,Eyeglasses,Rectangle,Rimless,Metal,Polished Chrome,None,Metallic,SAME_PRODUCT_DIFFERENT_VIEW,HIGH,HIGH,false,Standard prescription clear optical eyeglass frame: Chashmalay Titan Precision Rimless (Polished Chrome)
RGP_2902.webp,https://res.cloudinary.com/dpv40ou2c/image/upload/v1790853850/chashmalay/products/gupqz6ljxi7jmdbgglrs.webp,CHM-030,CHM-030-V02,FRONT,true,Eyeglasses,Rectangle,Rimless,Metal,Rose Gold,None,Metallic,SAME_PRODUCT_DIFFERENT_COLOR,HIGH,HIGH,false,Standard prescription clear optical eyeglass frame: Chashmalay Titan Precision Rimless (Rose Gold)
RGP_2903.webp,https://res.cloudinary.com/dpv40ou2c/image/upload/v1790853851/chashmalay/products/hnwb5mcx2hxe24e7xbij.webp,CHM-030,CHM-030-V02,SIDE,false,Eyeglasses,Rectangle,Rimless,Metal,Rose Gold,None,Metallic,SAME_PRODUCT_DIFFERENT_VIEW,HIGH,HIGH,false,Standard prescription clear optical eyeglass frame: Chashmalay Titan Precision Rimless (Rose Gold)
RGP_2904.webp,https://res.cloudinary.com/dpv40ou2c/image/upload/v1790853851/chashmalay/products/b9wwyz3ctsbmftejnihf.webp,CHM-030,CHM-030-V03,FRONT,true,Eyeglasses,Rectangle,Rimless,Metal,Green,None,Metallic,SAME_PRODUCT_DIFFERENT_COLOR,HIGH,HIGH,false,Standard prescription clear optical eyeglass frame: Chashmalay Titan Precision Rimless (Stealth Graphite)
DSC_8035.webp,https://res.cloudinary.com/dpv40ou2c/image/upload/v1790853851/chashmalay/products/dfqwsdawtnbrlauszbna.webp,CHM-031,CHM-031-V01,FRONT,true,Sunglasses,Aviator,Full Rim,Metal,Black,None,Matte,NOT_DUPLICATE,HIGH,HIGH,false,Polarized / UV Sun protection shades: Chashmalay Pilot Shield Polarized (Matte Black Smoke)
DSC_8077.webp,https://res.cloudinary.com/dpv40ou2c/image/upload/v1790853851/chashmalay/products/wqa8hmjsqcjxxcn1giuq.webp,CHM-032,CHM-032-V01,FRONT,true,Sunglasses,Wayfarer,Full Rim,Acetate,Black,None,Matte,NOT_DUPLICATE,HIGH,HIGH,false,Polarized / UV Sun protection shades: Chashmalay Scott Polarized Wayfarer (Matte Black Polarized)
DSC_8073.webp,https://res.cloudinary.com/dpv40ou2c/image/upload/v1790853851/chashmalay/products/qclwfgcyeykodrqui5so.webp,CHM-032,CHM-032-V01,SIDE,false,Sunglasses,Wayfarer,Full Rim,Acetate,Black,None,Matte,SAME_PRODUCT_DIFFERENT_VIEW,HIGH,HIGH,false,Polarized / UV Sun protection shades: Chashmalay Scott Polarized Wayfarer (Matte Black Polarized)
DSC_8080.webp,https://res.cloudinary.com/dpv40ou2c/image/upload/v1790853851/chashmalay/products/pxq0jqtpridlswr67pid.webp,CHM-033,CHM-033-V01,FRONT,true,Eyeglasses,Square,Full Rim,Acetate,Black,None,Glossy,NOT_DUPLICATE,HIGH,HIGH,false,Standard prescription clear optical eyeglass frame: Scott Classic Square Optical (Gloss Black)
DSC_8090.webp,https://res.cloudinary.com/dpv40ou2c/image/upload/v1790853852/chashmalay/products/rjsacln1imlhn5dqpwkz.webp,CHM-034,CHM-034-V01,PACKAGING,true,Accessories,Rectangle,Full Rim,Plastic,Blue,None,Matte,NOT_DUPLICATE,HIGH,HIGH,false,Protective eyewear hard-case and microfiber cleaning cloth accessory kit: Chashmalay Scott Premium Eyewear Case & Cloth
DSC_8092.webp,https://res.cloudinary.com/dpv40ou2c/image/upload/v1790853852/chashmalay/products/o2sleh3umb3abg1hma0r.webp,CHM-034,CHM-034-V02,PACKAGING,true,Accessories,Rectangle,Full Rim,Plastic,Pastel Puffer Multi,None,Matte,SAME_PRODUCT_DIFFERENT_COLOR,HIGH,HIGH,false,Protective eyewear hard-case and microfiber cleaning cloth accessory kit: Chashmalay Scott Premium Eyewear Case & Cloth
DSC_8093.webp,https://res.cloudinary.com/dpv40ou2c/image/upload/v1790853852/chashmalay/products/xqevnvwructrvi8bmdgq.webp,CHM-034,CHM-034-V02,PACKAGING,false,Accessories,Rectangle,Full Rim,Plastic,Pastel Puffer Multi,None,Matte,SAME_PRODUCT_DIFFERENT_VIEW,HIGH,HIGH,false,Protective eyewear hard-case and microfiber cleaning cloth accessory kit: Chashmalay Scott Premium Eyewear Case & Cloth
DSC_8095.webp,https://res.cloudinary.com/dpv40ou2c/image/upload/v1790853852/chashmalay/products/purwha0doessbxaw25j3.webp,CHM-035,CHM-035-V01,FRONT,true,Eyeglasses,Rectangle,Full Rim,Mixed,Black,Gold,Glossy,NOT_DUPLICATE,HIGH,HIGH,false,Standard prescription clear optical eyeglass frame: Chashmalay Executive Rectangle Accent (Gloss Black Gold Accent)
DSC_8105.webp,https://res.cloudinary.com/dpv40ou2c/image/upload/v1790853852/chashmalay/products/k4cltmp0dizfkizj1s04.webp,CHM-036,CHM-036-V01,FRONT,true,Eyeglasses,Square,Full Rim,Acetate,Clear,None,Transparent,NOT_DUPLICATE,HIGH,HIGH,false,Standard prescription clear optical eyeglass frame: Chashmalay Scott Signature Navigator (Transparent Crystal Grey)
DSC_8103.webp,https://res.cloudinary.com/dpv40ou2c/image/upload/v1790853852/chashmalay/products/pbjo9jfzqwuinfl4jejz.webp,CHM-036,CHM-036-V01,SIDE,false,Eyeglasses,Square,Full Rim,Acetate,Clear,None,Transparent,SAME_PRODUCT_DIFFERENT_VIEW,HIGH,HIGH,false,Standard prescription clear optical eyeglass frame: Chashmalay Scott Signature Navigator (Transparent Crystal Grey)
DSC_8106.webp,https://res.cloudinary.com/dpv40ou2c/image/upload/v1790853852/chashmalay/products/tzcyyq23dlba3ex0i3w0.webp,CHM-036,CHM-036-V02,FRONT,true,Eyeglasses,Square,Full Rim,Acetate,Black,Gold,Glossy,SAME_PRODUCT_DIFFERENT_COLOR,HIGH,HIGH,false,Standard prescription clear optical eyeglass frame: Chashmalay Scott Signature Navigator (Gloss Black Gold)
DSC_8108.webp,https://res.cloudinary.com/dpv40ou2c/image/upload/v1790853852/chashmalay/products/v7b66ydgqqi5wvqdfbft.webp,CHM-036,CHM-036-V03,FRONT,true,Eyeglasses,Square,Full Rim,Acetate,Gold,None,Matte,SAME_PRODUCT_DIFFERENT_COLOR,HIGH,HIGH,false,Standard prescription clear optical eyeglass frame: Chashmalay Scott Signature Navigator (Forest Green Gold)
DSC_8109.webp,https://res.cloudinary.com/dpv40ou2c/image/upload/v1790853852/chashmalay/products/d3mniwxdn78ffdjak9wj.webp,CHM-037,CHM-037-V01,FRONT,true,Eyeglasses,Square,Full Rim,Acetate,Black,Gold,Matte,NOT_DUPLICATE,HIGH,HIGH,false,Standard prescription clear optical eyeglass frame: Chashmalay Scott Slim Wire Temple Square (Polished Black Gold)
DSC_8110.webp,https://res.cloudinary.com/dpv40ou2c/image/upload/v1790853852/chashmalay/products/flazyar4fd755xa1tiy6.webp,CHM-037,CHM-037-V01,SIDE,false,Eyeglasses,Square,Full Rim,Acetate,Black,Gold,Matte,SAME_PRODUCT_DIFFERENT_VIEW,HIGH,HIGH,false,Standard prescription clear optical eyeglass frame: Chashmalay Scott Slim Wire Temple Square (Polished Black Gold)
DSC_8111.webp,https://res.cloudinary.com/dpv40ou2c/image/upload/v1790853853/chashmalay/products/f6hnlzzeyjfnp3q83flt.webp,CHM-037,CHM-037-V02,FRONT,true,Eyeglasses,Square,Full Rim,Acetate,Gold,None,Matte,SAME_PRODUCT_DIFFERENT_COLOR,HIGH,HIGH,false,Standard prescription clear optical eyeglass frame: Chashmalay Scott Slim Wire Temple Square (Translucent Brown Gold)
DSC_8112.webp,https://res.cloudinary.com/dpv40ou2c/image/upload/v1790853853/chashmalay/products/n1bzr8jdoqgwonumg2mj.webp,CHM-037,CHM-037-V02,SIDE,false,Eyeglasses,Square,Full Rim,Acetate,Gold,None,Matte,SAME_PRODUCT_DIFFERENT_VIEW,HIGH,HIGH,false,Standard prescription clear optical eyeglass frame: Chashmalay Scott Slim Wire Temple Square (Translucent Brown Gold)
DSC_8113.webp,https://res.cloudinary.com/dpv40ou2c/image/upload/v1790853853/chashmalay/products/yny8f99sqdkx3w3a6cil.webp,CHM-037,CHM-037-V03,FRONT,true,Eyeglasses,Square,Full Rim,Acetate,Clear,None,Transparent,SAME_PRODUCT_DIFFERENT_COLOR,HIGH,HIGH,false,Standard prescription clear optical eyeglass frame: Chashmalay Scott Slim Wire Temple Square (Crystal Ice Silver)
DSC_8115.webp,https://res.cloudinary.com/dpv40ou2c/image/upload/v1790853853/chashmalay/products/dzebqxtvujzh7trsaqmu.webp,CHM-037,CHM-037-V03,SIDE,false,Eyeglasses,Square,Full Rim,Acetate,Clear,None,Transparent,SAME_PRODUCT_DIFFERENT_VIEW,HIGH,HIGH,false,Standard prescription clear optical eyeglass frame: Chashmalay Scott Slim Wire Temple Square (Crystal Ice Silver)
DSC_8117.webp,https://res.cloudinary.com/dpv40ou2c/image/upload/v1790853853/chashmalay/products/cy4m5ree1ghaaghtnhot.webp,CHM-038,CHM-038-V01,FRONT,true,Eyeglasses,Browline,Half Rim / Semi Rimless,Acetate,Black,Gold,Transparent,NOT_DUPLICATE,HIGH,HIGH,false,Standard prescription clear optical eyeglass frame: Chashmalay Horizon Clubmaster Optical (Black Gold Clear)
DSC_8118.webp,https://res.cloudinary.com/dpv40ou2c/image/upload/v1790853853/chashmalay/products/qsxnfnvjzt5wqgva5mxb.webp,CHM-038,CHM-038-V01,SIDE,false,Eyeglasses,Browline,Half Rim / Semi Rimless,Acetate,Black,Gold,Transparent,SAME_PRODUCT_DIFFERENT_VIEW,HIGH,HIGH,false,Standard prescription clear optical eyeglass frame: Chashmalay Horizon Clubmaster Optical (Black Gold Clear)
DSC_8119.webp,https://res.cloudinary.com/dpv40ou2c/image/upload/v1790853853/chashmalay/products/et5dydxf8sllqp53sqyx.webp,CHM-038,CHM-038-V02,FRONT,true,Eyeglasses,Browline,Half Rim / Semi Rimless,Acetate,Tortoise,Gold,Transparent,SAME_PRODUCT_DIFFERENT_COLOR,HIGH,HIGH,false,Standard prescription clear optical eyeglass frame: Chashmalay Horizon Clubmaster Optical (Havana Gold Clear)
DSC_8121.webp,https://res.cloudinary.com/dpv40ou2c/image/upload/v1790853853/chashmalay/products/vesqj8liirkauuhjdpme.webp,CHM-038,CHM-038-V02,SIDE,false,Eyeglasses,Browline,Half Rim / Semi Rimless,Acetate,Tortoise,Gold,Transparent,SAME_PRODUCT_DIFFERENT_VIEW,HIGH,HIGH,false,Standard prescription clear optical eyeglass frame: Chashmalay Horizon Clubmaster Optical (Havana Gold Clear)
DSC_8122.webp,https://res.cloudinary.com/dpv40ou2c/image/upload/v1790853854/chashmalay/products/tqaqdgzql6pkl52lvwbj.webp,CHM-039,CHM-039-V01,FRONT,true,Eyeglasses,Geometric,Full Rim,Metal,Gunmetal,None,Metallic,NOT_DUPLICATE,HIGH,HIGH,false,Standard prescription clear optical eyeglass frame: Chashmalay Modernist Hex Computer Screen Glasses (Sleek Gunmetal)
DSC_8123.webp,https://res.cloudinary.com/dpv40ou2c/image/upload/v1790853854/chashmalay/products/arcuarjrspfe5vrdybzs.webp,CHM-039,CHM-039-V01,SIDE,false,Eyeglasses,Geometric,Full Rim,Metal,Gunmetal,None,Metallic,SAME_PRODUCT_DIFFERENT_VIEW,HIGH,HIGH,false,Standard prescription clear optical eyeglass frame: Chashmalay Modernist Hex Computer Screen Glasses (Sleek Gunmetal)
DSC_8124.webp,https://res.cloudinary.com/dpv40ou2c/image/upload/v1790853854/chashmalay/products/leh0fhzimy4skya8n1ny.webp,CHM-039,CHM-039-V02,FRONT,true,Eyeglasses,Geometric,Full Rim,Metal,Gold,None,Metallic,SAME_PRODUCT_DIFFERENT_COLOR,HIGH,HIGH,false,Standard prescription clear optical eyeglass frame: Chashmalay Modernist Hex Computer Screen Glasses (Polished Gold)
DSC_8125.webp,https://res.cloudinary.com/dpv40ou2c/image/upload/v1790853854/chashmalay/products/kqntoxmm3mcba7sz8eom.webp,CHM-039,CHM-039-V02,SIDE,false,Eyeglasses,Geometric,Full Rim,Metal,Gold,None,Metallic,SAME_PRODUCT_DIFFERENT_VIEW,HIGH,HIGH,false,Standard prescription clear optical eyeglass frame: Chashmalay Modernist Hex Computer Screen Glasses (Polished Gold)
DSC_8126.webp,https://res.cloudinary.com/dpv40ou2c/image/upload/v1790853854/chashmalay/products/bdcfwayjhfcf6m8vihq8.webp,CHM-039,CHM-039-V03,FRONT,true,Eyeglasses,Geometric,Full Rim,Metal,Black,None,Matte,SAME_PRODUCT_DIFFERENT_COLOR,HIGH,HIGH,false,Standard prescription clear optical eyeglass frame: Chashmalay Modernist Hex Computer Screen Glasses (Matte Black)
DSC_8127.webp,https://res.cloudinary.com/dpv40ou2c/image/upload/v1790853854/chashmalay/products/oxyazqax4o2yptjgp5dv.webp,CHM-039,CHM-039-V03,SIDE,false,Eyeglasses,Geometric,Full Rim,Metal,Black,None,Matte,SAME_PRODUCT_DIFFERENT_VIEW,HIGH,HIGH,false,Standard prescription clear optical eyeglass frame: Chashmalay Modernist Hex Computer Screen Glasses (Matte Black)
DSC_8128.webp,https://res.cloudinary.com/dpv40ou2c/image/upload/v1790853854/chashmalay/products/z5sp3copvl4jgrnsj8dj.webp,CHM-040,CHM-040-V01,FRONT,true,Eyeglasses,Wayfarer,Full Rim,Acetate,Black,None,Matte,NOT_DUPLICATE,HIGH,HIGH,false,Standard prescription clear optical eyeglass frame: Chashmalay Irus Classic Wayfarer Optical (Matte Black)
DSC_8130.webp,https://res.cloudinary.com/dpv40ou2c/image/upload/v1790853855/chashmalay/products/ypdonpx4un3pdiu0nfch.webp,CHM-040,CHM-040-V01,SIDE,false,Eyeglasses,Wayfarer,Full Rim,Acetate,Black,None,Matte,SAME_PRODUCT_DIFFERENT_VIEW,HIGH,HIGH,false,Standard prescription clear optical eyeglass frame: Chashmalay Irus Classic Wayfarer Optical (Matte Black)
DSC_8131.webp,https://res.cloudinary.com/dpv40ou2c/image/upload/v1790853855/chashmalay/products/y0vvuvvekrcillklz8ai.webp,CHM-040,CHM-040-V02,FRONT,true,Eyeglasses,Wayfarer,Full Rim,Acetate,Tortoise,Gold,Tortoise,SAME_PRODUCT_DIFFERENT_COLOR,HIGH,HIGH,false,Standard prescription clear optical eyeglass frame: Chashmalay Irus Classic Wayfarer Optical (Dark Tortoise)
DSC_8137.webp,https://res.cloudinary.com/dpv40ou2c/image/upload/v1790853855/chashmalay/products/mggadduinlj4vcrqjtrh.webp,CHM-040,CHM-040-V02,SIDE,false,Eyeglasses,Wayfarer,Full Rim,Acetate,Tortoise,Gold,Tortoise,SAME_PRODUCT_DIFFERENT_VIEW,HIGH,HIGH,false,Standard prescription clear optical eyeglass frame: Chashmalay Irus Classic Wayfarer Optical (Dark Tortoise)
DSC_8139.webp,https://res.cloudinary.com/dpv40ou2c/image/upload/v1790853855/chashmalay/products/zb0fdugzkshl4mbmj20o.webp,CHM-040,CHM-040-V03,FRONT,true,Eyeglasses,Wayfarer,Full Rim,Acetate,Transparent Charcoal,None,Transparent,SAME_PRODUCT_DIFFERENT_COLOR,HIGH,HIGH,false,Standard prescription clear optical eyeglass frame: Chashmalay Irus Classic Wayfarer Optical (Transparent Charcoal)
DSC_8140.webp,https://res.cloudinary.com/dpv40ou2c/image/upload/v1790853855/chashmalay/products/y2zcxybj4qwjigrf8oqe.webp,CHM-040,CHM-040-V03,SIDE,false,Eyeglasses,Wayfarer,Full Rim,Acetate,Transparent Charcoal,None,Transparent,SAME_PRODUCT_DIFFERENT_VIEW,HIGH,HIGH,false,Standard prescription clear optical eyeglass frame: Chashmalay Irus Classic Wayfarer Optical (Transparent Charcoal)
DSC_8142.webp,https://res.cloudinary.com/dpv40ou2c/image/upload/v1790853855/chashmalay/products/p1r3ccpnraebmp4lvmxj.webp,CHM-041,CHM-041-V01,FRONT,true,Eyeglasses,Aviator,Full Rim,Metal,Gunmetal,None,Metallic,NOT_DUPLICATE,HIGH,HIGH,false,Standard prescription clear optical eyeglass frame: Chashmalay Edge Aviator Metal (Brushed Gunmetal)
DSC_8145.webp,https://res.cloudinary.com/dpv40ou2c/image/upload/v1790853855/chashmalay/products/njbhahmdpakwzilgydim.webp,CHM-041,CHM-041-V01,SIDE,false,Eyeglasses,Aviator,Full Rim,Metal,Gunmetal,None,Metallic,SAME_PRODUCT_DIFFERENT_VIEW,HIGH,HIGH,false,Standard prescription clear optical eyeglass frame: Chashmalay Edge Aviator Metal (Brushed Gunmetal)
DSC_8146.webp,https://res.cloudinary.com/dpv40ou2c/image/upload/v1790853856/chashmalay/products/p2jhnf7f2fkmfuslew9k.webp,CHM-041,CHM-041-V02,FRONT,true,Eyeglasses,Aviator,Full Rim,Metal,Gold,None,Metallic,SAME_PRODUCT_DIFFERENT_COLOR,HIGH,HIGH,false,Standard prescription clear optical eyeglass frame: Chashmalay Edge Aviator Metal (Radiant Gold)
DSC_8149.webp,https://res.cloudinary.com/dpv40ou2c/image/upload/v1790853856/chashmalay/products/asuzstqtrykkwloz0gpv.webp,CHM-041,CHM-041-V02,SIDE,false,Eyeglasses,Aviator,Full Rim,Metal,Gold,None,Metallic,SAME_PRODUCT_DIFFERENT_VIEW,HIGH,HIGH,false,Standard prescription clear optical eyeglass frame: Chashmalay Edge Aviator Metal (Radiant Gold)
DSC_8150.webp,https://res.cloudinary.com/dpv40ou2c/image/upload/v1790853856/chashmalay/products/rcmm0wionoz31o5c07vq.webp,CHM-041,CHM-041-V03,FRONT,true,Eyeglasses,Aviator,Full Rim,Metal,Black,None,Metallic,SAME_PRODUCT_DIFFERENT_COLOR,HIGH,HIGH,false,Standard prescription clear optical eyeglass frame: Chashmalay Edge Aviator Metal (Stealth Black)
DSC_8151.webp,https://res.cloudinary.com/dpv40ou2c/image/upload/v1790853856/chashmalay/products/w5c8xv54ah9anlne6qen.webp,CHM-041,CHM-041-V03,SIDE,false,Eyeglasses,Aviator,Full Rim,Metal,Black,None,Metallic,SAME_PRODUCT_DIFFERENT_VIEW,HIGH,HIGH,false,Standard prescription clear optical eyeglass frame: Chashmalay Edge Aviator Metal (Stealth Black)
DSC_8152.webp,https://res.cloudinary.com/dpv40ou2c/image/upload/v1790853856/chashmalay/products/svdyquxpgvirkifuhcz0.webp,CHM-042,CHM-042-V01,FRONT,true,Eyeglasses,Cat Eye,Full Rim,Metal,Rose Gold,None,Metallic,NOT_DUPLICATE,HIGH,HIGH,false,Standard prescription clear optical eyeglass frame: Chashmalay Vogue Cat-Eye Metal (Rose Gold Silver)
DSC_8153.webp,https://res.cloudinary.com/dpv40ou2c/image/upload/v1790853856/chashmalay/products/gyhw9mdciltdqg6laqtd.webp,CHM-042,CHM-042-V01,SIDE,false,Eyeglasses,Cat Eye,Full Rim,Metal,Rose Gold,None,Metallic,SAME_PRODUCT_DIFFERENT_VIEW,HIGH,HIGH,false,Standard prescription clear optical eyeglass frame: Chashmalay Vogue Cat-Eye Metal (Rose Gold Silver)
DSC_8154.webp,https://res.cloudinary.com/dpv40ou2c/image/upload/v1790853856/chashmalay/products/qp5h8fnem7r39pmctbpf.webp,CHM-042,CHM-042-V02,FRONT,true,Eyeglasses,Cat Eye,Full Rim,Metal,Gold,None,Metallic,SAME_PRODUCT_DIFFERENT_COLOR,HIGH,HIGH,false,Standard prescription clear optical eyeglass frame: Chashmalay Vogue Cat-Eye Metal (Champagne Gold)
DSC_8155.webp,https://res.cloudinary.com/dpv40ou2c/image/upload/v1790853856/chashmalay/products/q6zubufizhlg61h7riqd.webp,CHM-042,CHM-042-V02,SIDE,false,Eyeglasses,Cat Eye,Full Rim,Metal,Gold,None,Metallic,SAME_PRODUCT_DIFFERENT_VIEW,HIGH,HIGH,false,Standard prescription clear optical eyeglass frame: Chashmalay Vogue Cat-Eye Metal (Champagne Gold)
DSC_8156.webp,https://res.cloudinary.com/dpv40ou2c/image/upload/v1790853857/chashmalay/products/x4eqldhfai6af782odu3.webp,CHM-042,CHM-042-V03,FRONT,true,Eyeglasses,Cat Eye,Full Rim,Metal,Black,None,Metallic,SAME_PRODUCT_DIFFERENT_COLOR,HIGH,HIGH,false,Standard prescription clear optical eyeglass frame: Chashmalay Vogue Cat-Eye Metal (Midnight Black)
DSC_8157.webp,https://res.cloudinary.com/dpv40ou2c/image/upload/v1790853857/chashmalay/products/x7cl0qdugtiq87lnvp6f.webp,CHM-042,CHM-042-V03,SIDE,false,Eyeglasses,Cat Eye,Full Rim,Metal,Black,None,Metallic,SAME_PRODUCT_DIFFERENT_VIEW,HIGH,HIGH,false,Standard prescription clear optical eyeglass frame: Chashmalay Vogue Cat-Eye Metal (Midnight Black)
DSC_8158.webp,https://res.cloudinary.com/dpv40ou2c/image/upload/v1790853857/chashmalay/products/dzismrg9vf0amxq5pr3s.webp,CHM-043,CHM-043-V01,FRONT,true,Reading Glasses,Round,Full Rim,Metal,Gold,None,Metallic,NOT_DUPLICATE,HIGH,HIGH,false,Near-vision presbyopia magnification reader: Chashmalay Intellect Round Reader (Antiqued Gold)
DSC_8159.webp,https://res.cloudinary.com/dpv40ou2c/image/upload/v1790853857/chashmalay/products/zbuqwwpqnerpfi8qvici.webp,CHM-043,CHM-043-V01,SIDE,false,Reading Glasses,Round,Full Rim,Metal,Gold,None,Metallic,SAME_PRODUCT_DIFFERENT_VIEW,HIGH,HIGH,false,Near-vision presbyopia magnification reader: Chashmalay Intellect Round Reader (Antiqued Gold)
DSC_8160.webp,https://res.cloudinary.com/dpv40ou2c/image/upload/v1790853857/chashmalay/products/pqh2dt1orc0vxltyzhrl.webp,CHM-043,CHM-043-V02,FRONT,true,Reading Glasses,Round,Full Rim,Metal,Silver,None,Metallic,SAME_PRODUCT_DIFFERENT_COLOR,HIGH,HIGH,false,Near-vision presbyopia magnification reader: Chashmalay Intellect Round Reader (Polished Silver)
DSC_8162.webp,https://res.cloudinary.com/dpv40ou2c/image/upload/v1790853857/chashmalay/products/ytl5gkqajq2dvxdqhgcm.webp,CHM-043,CHM-043-V02,SIDE,false,Reading Glasses,Round,Full Rim,Metal,Silver,None,Metallic,SAME_PRODUCT_DIFFERENT_VIEW,HIGH,HIGH,false,Near-vision presbyopia magnification reader: Chashmalay Intellect Round Reader (Polished Silver)
DSC_8163.webp,https://res.cloudinary.com/dpv40ou2c/image/upload/v1790853857/chashmalay/products/uegwlejiukd7y3qppuru.webp,CHM-043,CHM-043-V03,FRONT,true,Reading Glasses,Round,Full Rim,Metal,Black,None,Matte,SAME_PRODUCT_DIFFERENT_COLOR,HIGH,HIGH,false,Near-vision presbyopia magnification reader: Chashmalay Intellect Round Reader (Matte Black)
DSC_8164.webp,https://res.cloudinary.com/dpv40ou2c/image/upload/v1790853857/chashmalay/products/iehr7ltzdlv2k1m6pd6i.webp,CHM-043,CHM-043-V03,SIDE,false,Reading Glasses,Round,Full Rim,Metal,Black,None,Matte,SAME_PRODUCT_DIFFERENT_VIEW,HIGH,HIGH,false,Near-vision presbyopia magnification reader: Chashmalay Intellect Round Reader (Matte Black)
DSC_8165.webp,https://res.cloudinary.com/dpv40ou2c/image/upload/v1790853858/chashmalay/products/nbf7nqd9fyl4s9x1kt4f.webp,CHM-044,CHM-044-V01,FRONT,true,Eyeglasses,Square,Full Rim,Acetate,Black,None,Glossy,NOT_DUPLICATE,HIGH,HIGH,false,Standard prescription clear optical eyeglass frame: Chashmalay Matrix Square Acetate (Gloss Jet Black)
DSC_8166.webp,https://res.cloudinary.com/dpv40ou2c/image/upload/v1790853858/chashmalay/products/xpoz96zq2fc6t6c7ywso.webp,CHM-044,CHM-044-V01,SIDE,false,Eyeglasses,Square,Full Rim,Acetate,Black,None,Glossy,SAME_PRODUCT_DIFFERENT_VIEW,HIGH,HIGH,false,Standard prescription clear optical eyeglass frame: Chashmalay Matrix Square Acetate (Gloss Jet Black)
DSC_8167.webp,https://res.cloudinary.com/dpv40ou2c/image/upload/v1790853858/chashmalay/products/tm58mhhjyfbu2myckyke.webp,CHM-044,CHM-044-V02,FRONT,true,Eyeglasses,Square,Full Rim,Acetate,Tortoise,Gold,Tortoise,SAME_PRODUCT_DIFFERENT_COLOR,HIGH,HIGH,false,Standard prescription clear optical eyeglass frame: Chashmalay Matrix Square Acetate (Amber Havana)
DSC_8168.webp,https://res.cloudinary.com/dpv40ou2c/image/upload/v1790853858/chashmalay/products/wacqcroxrevcemynj8gw.webp,CHM-044,CHM-044-V02,SIDE,false,Eyeglasses,Square,Full Rim,Acetate,Tortoise,Gold,Tortoise,SAME_PRODUCT_DIFFERENT_VIEW,HIGH,HIGH,false,Standard prescription clear optical eyeglass frame: Chashmalay Matrix Square Acetate (Amber Havana)
DSC_8170.webp,https://res.cloudinary.com/dpv40ou2c/image/upload/v1790853858/chashmalay/products/zrr0ti0vuebksaoujbro.webp,CHM-044,CHM-044-V03,FRONT,true,Eyeglasses,Square,Full Rim,Acetate,Clear,None,Transparent,SAME_PRODUCT_DIFFERENT_COLOR,HIGH,HIGH,false,Standard prescription clear optical eyeglass frame: Chashmalay Matrix Square Acetate (Crystal Grey)
DSC_8171.webp,https://res.cloudinary.com/dpv40ou2c/image/upload/v1790853858/chashmalay/products/nhcgcllfvwtoovtwnl19.webp,CHM-044,CHM-044-V03,SIDE,false,Eyeglasses,Square,Full Rim,Acetate,Clear,None,Transparent,SAME_PRODUCT_DIFFERENT_VIEW,HIGH,HIGH,false,Standard prescription clear optical eyeglass frame: Chashmalay Matrix Square Acetate (Crystal Grey)
DSC_8172.webp,https://res.cloudinary.com/dpv40ou2c/image/upload/v1790853858/chashmalay/products/rccdrsa7sqx5rgqlvkyf.webp,CHM-045,CHM-045-V01,FRONT,true,Eyeglasses,Rectangle,Half Rim / Semi Rimless,Metal,Gunmetal,None,Metallic,NOT_DUPLICATE,HIGH,HIGH,false,Standard prescription clear optical eyeglass frame: Chashmalay Elite Semi-Rimless Rectangular (Gunmetal Black)
DSC_8173.webp,https://res.cloudinary.com/dpv40ou2c/image/upload/v1790853858/chashmalay/products/ebm1qgacpupgsayxwhza.webp,CHM-045,CHM-045-V01,SIDE,false,Eyeglasses,Rectangle,Half Rim / Semi Rimless,Metal,Gunmetal,None,Metallic,SAME_PRODUCT_DIFFERENT_VIEW,HIGH,HIGH,false,Standard prescription clear optical eyeglass frame: Chashmalay Elite Semi-Rimless Rectangular (Gunmetal Black)
DSC_8174.webp,https://res.cloudinary.com/dpv40ou2c/image/upload/v1790853858/chashmalay/products/lefvcghlbgg8jg3q4p3v.webp,CHM-045,CHM-045-V02,FRONT,true,Eyeglasses,Rectangle,Half Rim / Semi Rimless,Metal,Silver,None,Metallic,SAME_PRODUCT_DIFFERENT_COLOR,HIGH,HIGH,false,Standard prescription clear optical eyeglass frame: Chashmalay Elite Semi-Rimless Rectangular (Brushed Silver)
DSC_8175.webp,https://res.cloudinary.com/dpv40ou2c/image/upload/v1790853858/chashmalay/products/tgnowro1evoarg7kwfsk.webp,CHM-045,CHM-045-V02,SIDE,false,Eyeglasses,Rectangle,Half Rim / Semi Rimless,Metal,Silver,None,Metallic,SAME_PRODUCT_DIFFERENT_VIEW,HIGH,HIGH,false,Standard prescription clear optical eyeglass frame: Chashmalay Elite Semi-Rimless Rectangular (Brushed Silver)
DSC_8176.webp,https://res.cloudinary.com/dpv40ou2c/image/upload/v1790853859/chashmalay/products/mtziim7kzygyxnn6zqyl.webp,CHM-045,CHM-045-V03,FRONT,true,Eyeglasses,Rectangle,Half Rim / Semi Rimless,Metal,Blue,None,Metallic,SAME_PRODUCT_DIFFERENT_COLOR,HIGH,HIGH,false,Standard prescription clear optical eyeglass frame: Chashmalay Elite Semi-Rimless Rectangular (Deep Navy Blue)
DSC_8177.webp,https://res.cloudinary.com/dpv40ou2c/image/upload/v1790853859/chashmalay/products/nhbnqetgv40dj861nnvx.webp,CHM-045,CHM-045-V03,SIDE,false,Eyeglasses,Rectangle,Half Rim / Semi Rimless,Metal,Blue,None,Metallic,SAME_PRODUCT_DIFFERENT_VIEW,HIGH,HIGH,false,Standard prescription clear optical eyeglass frame: Chashmalay Elite Semi-Rimless Rectangular (Deep Navy Blue)
DSC_8179.webp,https://res.cloudinary.com/dpv40ou2c/image/upload/v1790853859/chashmalay/products/h1icleoj8hhtaf8lf0iw.webp,CHM-046,CHM-046-V01,FRONT,true,Eyeglasses,Round,Full Rim,Metal,Gold,None,Metallic,NOT_DUPLICATE,HIGH,HIGH,false,Standard prescription clear optical eyeglass frame: Chashmalay Aero Titanium Round (Champagne Gold)
DSC_8181.webp,https://res.cloudinary.com/dpv40ou2c/image/upload/v1790853859/chashmalay/products/ipsdmgbifdijhozup5vu.webp,CHM-046,CHM-046-V01,SIDE,false,Eyeglasses,Round,Full Rim,Metal,Gold,None,Metallic,SAME_PRODUCT_DIFFERENT_VIEW,HIGH,HIGH,false,Standard prescription clear optical eyeglass frame: Chashmalay Aero Titanium Round (Champagne Gold)
DSC_8182.webp,https://res.cloudinary.com/dpv40ou2c/image/upload/v1790853859/chashmalay/products/fuhpzolpjsotc1k9cc4v.webp,CHM-046,CHM-046-V02,FRONT,true,Eyeglasses,Round,Full Rim,Metal,Dark Graphite,None,Metallic,SAME_PRODUCT_DIFFERENT_COLOR,HIGH,HIGH,false,Standard prescription clear optical eyeglass frame: Chashmalay Aero Titanium Round (Dark Graphite)
DSC_8183.webp,https://res.cloudinary.com/dpv40ou2c/image/upload/v1790853859/chashmalay/products/iyeuugfthyevohegjhmk.webp,CHM-046,CHM-046-V02,SIDE,false,Eyeglasses,Round,Full Rim,Metal,Dark Graphite,None,Metallic,SAME_PRODUCT_DIFFERENT_VIEW,HIGH,HIGH,false,Standard prescription clear optical eyeglass frame: Chashmalay Aero Titanium Round (Dark Graphite)
DSC_8184.webp,https://res.cloudinary.com/dpv40ou2c/image/upload/v1790853859/chashmalay/products/pkqgb1oqkhy654issp56.webp,CHM-046,CHM-046-V03,FRONT,true,Eyeglasses,Round,Full Rim,Metal,Black,None,Metallic,SAME_PRODUCT_DIFFERENT_COLOR,HIGH,HIGH,false,Standard prescription clear optical eyeglass frame: Chashmalay Aero Titanium Round (Satin Black)
DSC_8185.webp,https://res.cloudinary.com/dpv40ou2c/image/upload/v1790853859/chashmalay/products/erynyloikbysnshavc03.webp,CHM-046,CHM-046-V03,SIDE,false,Eyeglasses,Round,Full Rim,Metal,Black,None,Metallic,SAME_PRODUCT_DIFFERENT_VIEW,HIGH,HIGH,false,Standard prescription clear optical eyeglass frame: Chashmalay Aero Titanium Round (Satin Black)
DSC_8186.webp,https://res.cloudinary.com/dpv40ou2c/image/upload/v1790853860/chashmalay/products/z6qqq86zbt5wjj11zsfm.webp,CHM-047,CHM-047-V01,FRONT,true,Eyeglasses,Square,Full Rim,Acetate,Black,None,Matte,NOT_DUPLICATE,HIGH,HIGH,false,Standard prescription clear optical eyeglass frame: Chashmalay Bold Flattop Square Optical (Piano Black)
DSC_8187.webp,https://res.cloudinary.com/dpv40ou2c/image/upload/v1790853860/chashmalay/products/kklid9s9bmkkbvwrsbi1.webp,CHM-047,CHM-047-V01,SIDE,false,Eyeglasses,Square,Full Rim,Acetate,Black,None,Matte,SAME_PRODUCT_DIFFERENT_VIEW,HIGH,HIGH,false,Standard prescription clear optical eyeglass frame: Chashmalay Bold Flattop Square Optical (Piano Black)
DSC_8188.webp,https://res.cloudinary.com/dpv40ou2c/image/upload/v1790853860/chashmalay/products/lcqaezdz1moebordslpu.webp,CHM-047,CHM-047-V02,FRONT,true,Eyeglasses,Square,Full Rim,Acetate,Tortoise,Gold,Tortoise,SAME_PRODUCT_DIFFERENT_COLOR,HIGH,HIGH,false,Standard prescription clear optical eyeglass frame: Chashmalay Bold Flattop Square Optical (Havana Brown)
DSC_8190.webp,https://res.cloudinary.com/dpv40ou2c/image/upload/v1790853860/chashmalay/products/k5hz7v71jobo46qzhmde.webp,CHM-047,CHM-047-V02,SIDE,false,Eyeglasses,Square,Full Rim,Acetate,Tortoise,Gold,Tortoise,SAME_PRODUCT_DIFFERENT_VIEW,HIGH,HIGH,false,Standard prescription clear optical eyeglass frame: Chashmalay Bold Flattop Square Optical (Havana Brown)
DSC_8191.webp,https://res.cloudinary.com/dpv40ou2c/image/upload/v1790853860/chashmalay/products/ardxze8cla61abgqrd7l.webp,CHM-047,CHM-047-V03,FRONT,true,Eyeglasses,Square,Full Rim,Acetate,Grey,None,Transparent,SAME_PRODUCT_DIFFERENT_COLOR,HIGH,HIGH,false,Standard prescription clear optical eyeglass frame: Chashmalay Bold Flattop Square Optical (Transparent Olive Grey)
DSC_8192.webp,https://res.cloudinary.com/dpv40ou2c/image/upload/v1790853860/chashmalay/products/sy9aqmlgk9syhya7yboy.webp,CHM-047,CHM-047-V03,SIDE,false,Eyeglasses,Square,Full Rim,Acetate,Grey,None,Transparent,SAME_PRODUCT_DIFFERENT_VIEW,HIGH,HIGH,false,Standard prescription clear optical eyeglass frame: Chashmalay Bold Flattop Square Optical (Transparent Olive Grey)
DSC_8193.webp,https://res.cloudinary.com/dpv40ou2c/image/upload/v1790853860/chashmalay/products/mnq38t8tzqd5ceyx3ueq.webp,CHM-048,CHM-048-V01,FRONT,true,Reading Glasses,Oval,Full Rim,Metal,Silver,None,Metallic,NOT_DUPLICATE,HIGH,HIGH,false,Near-vision presbyopia magnification reader: Chashmalay Silhouette Pure Oval Reader (Polished Silver)
DSC_8195.webp,https://res.cloudinary.com/dpv40ou2c/image/upload/v1790853860/chashmalay/products/fr99pwytlvv6cq1hjnkm.webp,CHM-048,CHM-048-V01,SIDE,false,Reading Glasses,Oval,Full Rim,Metal,Silver,None,Metallic,SAME_PRODUCT_DIFFERENT_VIEW,HIGH,HIGH,false,Near-vision presbyopia magnification reader: Chashmalay Silhouette Pure Oval Reader (Polished Silver)
DSC_8196.webp,https://res.cloudinary.com/dpv40ou2c/image/upload/v1790853860/chashmalay/products/wkihcz014wnzgvl2ec6j.webp,CHM-048,CHM-048-V02,FRONT,true,Reading Glasses,Oval,Full Rim,Metal,Gold,None,Metallic,SAME_PRODUCT_DIFFERENT_COLOR,HIGH,HIGH,false,Near-vision presbyopia magnification reader: Chashmalay Silhouette Pure Oval Reader (Classic Gold)
DSC_8197.webp,https://res.cloudinary.com/dpv40ou2c/image/upload/v1790853860/chashmalay/products/in5yatnrkorwedonhqjv.webp,CHM-048,CHM-048-V02,SIDE,false,Reading Glasses,Oval,Full Rim,Metal,Gold,None,Metallic,SAME_PRODUCT_DIFFERENT_VIEW,HIGH,HIGH,false,Near-vision presbyopia magnification reader: Chashmalay Silhouette Pure Oval Reader (Classic Gold)
DSC_8198.webp,https://res.cloudinary.com/dpv40ou2c/image/upload/v1790853860/chashmalay/products/bpeudi9abmhtaibzkyvu.webp,CHM-048,CHM-048-V03,FRONT,true,Reading Glasses,Oval,Full Rim,Metal,Black,None,Matte,SAME_PRODUCT_DIFFERENT_COLOR,HIGH,HIGH,false,Near-vision presbyopia magnification reader: Chashmalay Silhouette Pure Oval Reader (Matte Black)
DSC_8199.webp,https://res.cloudinary.com/dpv40ou2c/image/upload/v1790853861/chashmalay/products/bcruhplbkiz6authwleq.webp,CHM-048,CHM-048-V03,SIDE,false,Reading Glasses,Oval,Full Rim,Metal,Black,None,Matte,SAME_PRODUCT_DIFFERENT_VIEW,HIGH,HIGH,false,Near-vision presbyopia magnification reader: Chashmalay Silhouette Pure Oval Reader (Matte Black)
DSC_8200.webp,https://res.cloudinary.com/dpv40ou2c/image/upload/v1790853861/chashmalay/products/qo88tkjgwktkiad00hxj.webp,CHM-049,CHM-049-V01,FRONT,true,Eyeglasses,Rectangle,Full Rim,TR90 / Flexible Polymer,Black,Red,Matte,NOT_DUPLICATE,HIGH,HIGH,false,Standard prescription clear optical eyeglass frame: Chashmalay Urban Active Rectangle Optical (Matte Black Red)
DSC_8201.webp,https://res.cloudinary.com/dpv40ou2c/image/upload/v1790853861/chashmalay/products/gnyhzxhybj0ldn67jvxg.webp,CHM-049,CHM-049-V01,SIDE,false,Eyeglasses,Rectangle,Full Rim,TR90 / Flexible Polymer,Black,Red,Matte,SAME_PRODUCT_DIFFERENT_VIEW,HIGH,HIGH,false,Standard prescription clear optical eyeglass frame: Chashmalay Urban Active Rectangle Optical (Matte Black Red)
DSC_8202.webp,https://res.cloudinary.com/dpv40ou2c/image/upload/v1790853861/chashmalay/products/gnouzhjdapeaabgoymwj.webp,CHM-049,CHM-049-V02,FRONT,true,Eyeglasses,Rectangle,Full Rim,TR90 / Flexible Polymer,Black,Blue,Matte,SAME_PRODUCT_DIFFERENT_COLOR,HIGH,HIGH,false,Standard prescription clear optical eyeglass frame: Chashmalay Urban Active Rectangle Optical (Matte Black Blue)
DSC_8204.webp,https://res.cloudinary.com/dpv40ou2c/image/upload/v1790853861/chashmalay/products/ow2uzvqt7o3i3x4i6ftn.webp,CHM-049,CHM-049-V02,SIDE,false,Eyeglasses,Rectangle,Full Rim,TR90 / Flexible Polymer,Black,Blue,Matte,SAME_PRODUCT_DIFFERENT_VIEW,HIGH,HIGH,false,Standard prescription clear optical eyeglass frame: Chashmalay Urban Active Rectangle Optical (Matte Black Blue)
DSC_8208.webp,https://res.cloudinary.com/dpv40ou2c/image/upload/v1790853861/chashmalay/products/dnuy7ucibnisgysxpehi.webp,CHM-049,CHM-049-V03,FRONT,true,Eyeglasses,Rectangle,Full Rim,TR90 / Flexible Polymer,Grey,Clear,Matte,SAME_PRODUCT_DIFFERENT_COLOR,HIGH,HIGH,false,Standard prescription clear optical eyeglass frame: Chashmalay Urban Active Rectangle Optical (Smoke Grey)
DSC_8209.webp,https://res.cloudinary.com/dpv40ou2c/image/upload/v1790853861/chashmalay/products/cq6ipl2pojij8zgimpwo.webp,CHM-049,CHM-049-V03,SIDE,false,Eyeglasses,Rectangle,Full Rim,TR90 / Flexible Polymer,Grey,Clear,Matte,SAME_PRODUCT_DIFFERENT_VIEW,HIGH,HIGH,false,Standard prescription clear optical eyeglass frame: Chashmalay Urban Active Rectangle Optical (Smoke Grey)
DSC_8210.webp,https://res.cloudinary.com/dpv40ou2c/image/upload/v1790853861/chashmalay/products/qvieckft1mitowzqdtl6.webp,CHM-050,CHM-050-V01,FRONT,true,Eyeglasses,Aviator,Full Rim,Metal,Clear,None,Metallic,NOT_DUPLICATE,HIGH,HIGH,false,Standard prescription clear optical eyeglass frame: Chashmalay Signature Aviator Optical (Gold Clear)
DSC_8212.webp,https://res.cloudinary.com/dpv40ou2c/image/upload/v1790853861/chashmalay/products/g3x0p9b7z9rvd5hf6qsn.webp,CHM-050,CHM-050-V01,SIDE,false,Eyeglasses,Aviator,Full Rim,Metal,Clear,None,Metallic,SAME_PRODUCT_DIFFERENT_VIEW,HIGH,HIGH,false,Standard prescription clear optical eyeglass frame: Chashmalay Signature Aviator Optical (Gold Clear)
DSC_8213.webp,https://res.cloudinary.com/dpv40ou2c/image/upload/v1790853862/chashmalay/products/ikvrs7g79sumhyiayoin.webp,CHM-050,CHM-050-V02,FRONT,true,Eyeglasses,Aviator,Full Rim,Metal,Clear,None,Metallic,SAME_PRODUCT_DIFFERENT_COLOR,HIGH,HIGH,false,Standard prescription clear optical eyeglass frame: Chashmalay Signature Aviator Optical (Silver Clear)
DSC_8216.webp,https://res.cloudinary.com/dpv40ou2c/image/upload/v1790853862/chashmalay/products/mjebbgywbtkxpaiqoekp.webp,CHM-050,CHM-050-V02,SIDE,false,Eyeglasses,Aviator,Full Rim,Metal,Clear,None,Metallic,SAME_PRODUCT_DIFFERENT_VIEW,HIGH,HIGH,false,Standard prescription clear optical eyeglass frame: Chashmalay Signature Aviator Optical (Silver Clear)
DSC_8217.webp,https://res.cloudinary.com/dpv40ou2c/image/upload/v1790853862/chashmalay/products/labpdslj03yphs5bszlw.webp,CHM-050,CHM-050-V03,FRONT,true,Eyeglasses,Aviator,Full Rim,Metal,Gunmetal,None,Metallic,SAME_PRODUCT_DIFFERENT_COLOR,HIGH,HIGH,false,Standard prescription clear optical eyeglass frame: Chashmalay Signature Aviator Optical (Gunmetal Clear)
DSC_8218.webp,https://res.cloudinary.com/dpv40ou2c/image/upload/v1790853862/chashmalay/products/ocidcq0skuquwittxhls.webp,CHM-050,CHM-050-V03,SIDE,false,Eyeglasses,Aviator,Full Rim,Metal,Gunmetal,None,Metallic,SAME_PRODUCT_DIFFERENT_VIEW,HIGH,HIGH,false,Standard prescription clear optical eyeglass frame: Chashmalay Signature Aviator Optical (Gunmetal Clear)
DSC_8219.webp,https://res.cloudinary.com/dpv40ou2c/image/upload/v1790853862/chashmalay/products/pxqhydxldgrfjx5mjwd5.webp,CHM-051,CHM-051-V01,FRONT,true,Eyeglasses,Cat Eye,Full Rim,Acetate,Deep Ruby Red,None,Matte,NOT_DUPLICATE,HIGH,HIGH,false,Standard prescription clear optical eyeglass frame: Chashmalay Neo Cat-Eye Acetate (Deep Ruby Red)
DSC_8220.webp,https://res.cloudinary.com/dpv40ou2c/image/upload/v1790853862/chashmalay/products/rhiwjdwau5ry59bfzyax.webp,CHM-051,CHM-051-V01,SIDE,false,Eyeglasses,Cat Eye,Full Rim,Acetate,Deep Ruby Red,None,Matte,SAME_PRODUCT_DIFFERENT_VIEW,HIGH,HIGH,false,Standard prescription clear optical eyeglass frame: Chashmalay Neo Cat-Eye Acetate (Deep Ruby Red)
DSC_8221.webp,https://res.cloudinary.com/dpv40ou2c/image/upload/v1790853862/chashmalay/products/cum8fo0lsr42ulmy7kg8.webp,CHM-051,CHM-051-V02,FRONT,true,Eyeglasses,Cat Eye,Full Rim,Acetate,Tortoise,Gold,Tortoise,SAME_PRODUCT_DIFFERENT_COLOR,HIGH,HIGH,false,Standard prescription clear optical eyeglass frame: Chashmalay Neo Cat-Eye Acetate (Tortoise Havana)
DSC_8222.webp,https://res.cloudinary.com/dpv40ou2c/image/upload/v1790853862/chashmalay/products/qouugtcsj8qqhxtgrqzz.webp,CHM-051,CHM-051-V02,SIDE,false,Eyeglasses,Cat Eye,Full Rim,Acetate,Tortoise,Gold,Tortoise,SAME_PRODUCT_DIFFERENT_VIEW,HIGH,HIGH,false,Standard prescription clear optical eyeglass frame: Chashmalay Neo Cat-Eye Acetate (Tortoise Havana)
DSC_8223.webp,https://res.cloudinary.com/dpv40ou2c/image/upload/v1790853863/chashmalay/products/kigdpuubemvobbxpq8cj.webp,CHM-051,CHM-051-V03,FRONT,true,Eyeglasses,Cat Eye,Full Rim,Acetate,Black,None,Matte,SAME_PRODUCT_DIFFERENT_COLOR,HIGH,HIGH,false,Standard prescription clear optical eyeglass frame: Chashmalay Neo Cat-Eye Acetate (Midnight Black)
DSC_8225.webp,https://res.cloudinary.com/dpv40ou2c/image/upload/v1790853863/chashmalay/products/pn6e6dlvkgsqumbun7pw.webp,CHM-051,CHM-051-V03,SIDE,false,Eyeglasses,Cat Eye,Full Rim,Acetate,Black,None,Matte,SAME_PRODUCT_DIFFERENT_VIEW,HIGH,HIGH,false,Standard prescription clear optical eyeglass frame: Chashmalay Neo Cat-Eye Acetate (Midnight Black)
DSC_8226.webp,https://res.cloudinary.com/dpv40ou2c/image/upload/v1790853863/chashmalay/products/zvow5ojothukjrshhw53.webp,CHM-052,CHM-052-V01,FRONT,true,Eyeglasses,Wayfarer,Full Rim,Acetate,Black,None,Glossy,NOT_DUPLICATE,HIGH,HIGH,false,Standard prescription clear optical eyeglass frame: Chashmalay Horizon Wayfarer (Gloss Black)
DSC_8227.webp,https://res.cloudinary.com/dpv40ou2c/image/upload/v1790853863/chashmalay/products/ntv8rkluu7zmiggydtlc.webp,CHM-052,CHM-052-V01,SIDE,false,Eyeglasses,Wayfarer,Full Rim,Acetate,Black,None,Glossy,SAME_PRODUCT_DIFFERENT_VIEW,HIGH,HIGH,false,Standard prescription clear optical eyeglass frame: Chashmalay Horizon Wayfarer (Gloss Black)
DSC_8228.webp,https://res.cloudinary.com/dpv40ou2c/image/upload/v1790853863/chashmalay/products/sinj2duhyf8odpva9svr.webp,CHM-052,CHM-052-V02,FRONT,true,Eyeglasses,Wayfarer,Full Rim,Acetate,Clear,None,Transparent,SAME_PRODUCT_DIFFERENT_COLOR,HIGH,HIGH,false,Standard prescription clear optical eyeglass frame: Chashmalay Horizon Wayfarer (Crystal Transparent)
DSC_8229.webp,https://res.cloudinary.com/dpv40ou2c/image/upload/v1790853863/chashmalay/products/r5xmzgzvvk0zon4j1uvx.webp,CHM-052,CHM-052-V02,SIDE,false,Eyeglasses,Wayfarer,Full Rim,Acetate,Clear,None,Transparent,SAME_PRODUCT_DIFFERENT_VIEW,HIGH,HIGH,false,Standard prescription clear optical eyeglass frame: Chashmalay Horizon Wayfarer (Crystal Transparent)
DSC_8230.webp,https://res.cloudinary.com/dpv40ou2c/image/upload/v1790853863/chashmalay/products/hcmiesonowvzdhompthy.webp,CHM-052,CHM-052-V03,FRONT,true,Eyeglasses,Wayfarer,Full Rim,Acetate,Tortoise,Gold,Tortoise,SAME_PRODUCT_DIFFERENT_COLOR,HIGH,HIGH,false,Standard prescription clear optical eyeglass frame: Chashmalay Horizon Wayfarer (Amber Tortoise)
DSC_8231.webp,https://res.cloudinary.com/dpv40ou2c/image/upload/v1790853863/chashmalay/products/dsnwgjdxags9kfirvkyt.webp,CHM-052,CHM-052-V03,SIDE,false,Eyeglasses,Wayfarer,Full Rim,Acetate,Tortoise,Gold,Tortoise,SAME_PRODUCT_DIFFERENT_VIEW,HIGH,HIGH,false,Standard prescription clear optical eyeglass frame: Chashmalay Horizon Wayfarer (Amber Tortoise)
DSC_8232.webp,https://res.cloudinary.com/dpv40ou2c/image/upload/v1790853863/chashmalay/products/xlhh3rpugy8jx6w7r031.webp,CHM-053,CHM-053-V01,FRONT,true,Eyeglasses,Geometric,Full Rim,Metal,Clear,None,Metallic,NOT_DUPLICATE,HIGH,HIGH,false,Standard prescription clear optical eyeglass frame: Chashmalay Geometric Octa Optical (Gold Clear)
DSC_8233.webp,https://res.cloudinary.com/dpv40ou2c/image/upload/v1790853864/chashmalay/products/w1ef7f91jgban0xnl8sm.webp,CHM-053,CHM-053-V01,SIDE,false,Eyeglasses,Geometric,Full Rim,Metal,Clear,None,Metallic,SAME_PRODUCT_DIFFERENT_VIEW,HIGH,HIGH,false,Standard prescription clear optical eyeglass frame: Chashmalay Geometric Octa Optical (Gold Clear)
DSC_8234.webp,https://res.cloudinary.com/dpv40ou2c/image/upload/v1790853864/chashmalay/products/vwzvaci8tpwbzaefmms0.webp,CHM-053,CHM-053-V02,FRONT,true,Eyeglasses,Geometric,Full Rim,Metal,Clear,None,Metallic,SAME_PRODUCT_DIFFERENT_COLOR,HIGH,HIGH,false,Standard prescription clear optical eyeglass frame: Chashmalay Geometric Octa Optical (Silver Clear)
DSC_8235.webp,https://res.cloudinary.com/dpv40ou2c/image/upload/v1790853864/chashmalay/products/pic27ufkhzv5ewc6i2uu.webp,CHM-053,CHM-053-V02,SIDE,false,Eyeglasses,Geometric,Full Rim,Metal,Clear,None,Metallic,SAME_PRODUCT_DIFFERENT_VIEW,HIGH,HIGH,false,Standard prescription clear optical eyeglass frame: Chashmalay Geometric Octa Optical (Silver Clear)
DSC_8236.webp,https://res.cloudinary.com/dpv40ou2c/image/upload/v1790853864/chashmalay/products/lwacsrinoz4br3p2wnd7.webp,CHM-053,CHM-053-V03,FRONT,true,Eyeglasses,Geometric,Full Rim,Metal,Clear,None,Metallic,SAME_PRODUCT_DIFFERENT_COLOR,HIGH,HIGH,false,Standard prescription clear optical eyeglass frame: Chashmalay Geometric Octa Optical (Black Clear)
DSC_8237.webp,https://res.cloudinary.com/dpv40ou2c/image/upload/v1790853864/chashmalay/products/sfs81xaymujhej8ygq3z.webp,CHM-053,CHM-053-V03,SIDE,false,Eyeglasses,Geometric,Full Rim,Metal,Clear,None,Metallic,SAME_PRODUCT_DIFFERENT_VIEW,HIGH,HIGH,false,Standard prescription clear optical eyeglass frame: Chashmalay Geometric Octa Optical (Black Clear)
DSC_8239.webp,https://res.cloudinary.com/dpv40ou2c/image/upload/v1790853864/chashmalay/products/y3vetar9klk9pe8dojri.webp,CHM-054,CHM-054-V01,FRONT,true,Eyeglasses,Round,Full Rim,TR90 / Flexible Polymer,Clear,None,Transparent,NOT_DUPLICATE,HIGH,HIGH,false,Standard prescription clear optical eyeglass frame: Chashmalay Neo Round Pastel & Matte (Frosted Crystal White)
DSC_8240.webp,https://res.cloudinary.com/dpv40ou2c/image/upload/v1790853864/chashmalay/products/jwmidxs8wk7dirwa8zer.webp,CHM-054,CHM-054-V02,FRONT,true,Eyeglasses,Round,Full Rim,TR90 / Flexible Polymer,Green,None,Matte,SAME_PRODUCT_DIFFERENT_COLOR,HIGH,HIGH,false,Standard prescription clear optical eyeglass frame: Chashmalay Neo Round Pastel & Matte (Mint Seafoam Green)
DSC_8242.webp,https://res.cloudinary.com/dpv40ou2c/image/upload/v1790853864/chashmalay/products/sczkpvai5nj5jjfhezsn.webp,CHM-054,CHM-054-V03,FRONT,true,Eyeglasses,Round,Full Rim,TR90 / Flexible Polymer,Blue,None,Matte,SAME_PRODUCT_DIFFERENT_COLOR,HIGH,HIGH,false,Standard prescription clear optical eyeglass frame: Chashmalay Neo Round Pastel & Matte (Ice Glacier Blue)
DSC_8243.webp,https://res.cloudinary.com/dpv40ou2c/image/upload/v1790853864/chashmalay/products/qemvjebfhyhbb6nunyxq.webp,CHM-054,CHM-054-V04,FRONT,true,Eyeglasses,Round,Full Rim,TR90 / Flexible Polymer,Pink,None,Matte,SAME_PRODUCT_DIFFERENT_COLOR,HIGH,HIGH,false,Standard prescription clear optical eyeglass frame: Chashmalay Neo Round Pastel & Matte (Blush Rose Pink)
DSC_8244.webp,https://res.cloudinary.com/dpv40ou2c/image/upload/v1790853865/chashmalay/products/d5bd8kif6l2pcp3rmyyo.webp,CHM-054,CHM-054-V05,FRONT,true,Eyeglasses,Round,Full Rim,TR90 / Flexible Polymer,Blue,None,Matte,SAME_PRODUCT_DIFFERENT_COLOR,HIGH,HIGH,false,Standard prescription clear optical eyeglass frame: Chashmalay Neo Round Pastel & Matte (Royal Cobalt Blue)
DSC_8246.webp,https://res.cloudinary.com/dpv40ou2c/image/upload/v1790853865/chashmalay/products/yjqzpsgavx9tay0ffwsr.webp,CHM-054,CHM-054-V06,FRONT,true,Eyeglasses,Round,Full Rim,TR90 / Flexible Polymer,Green,None,Matte,SAME_PRODUCT_DIFFERENT_COLOR,HIGH,HIGH,false,Standard prescription clear optical eyeglass frame: Chashmalay Neo Round Pastel & Matte (Slate Teal Green)
DSC_8247.webp,https://res.cloudinary.com/dpv40ou2c/image/upload/v1790853865/chashmalay/products/vvqeoztg8yk5j7hc8pi5.webp,CHM-054,CHM-054-V07,FRONT,true,Eyeglasses,Round,Full Rim,TR90 / Flexible Polymer,Black,None,Matte,SAME_PRODUCT_DIFFERENT_COLOR,HIGH,HIGH,false,Standard prescription clear optical eyeglass frame: Chashmalay Neo Round Pastel & Matte (Matte Raven Black)
DSC_8248.webp,https://res.cloudinary.com/dpv40ou2c/image/upload/v1790853865/chashmalay/products/yzus9qcubhdbixbn4exg.webp,CHM-055,CHM-055-V01,FRONT,true,Eyeglasses,Square,Full Rim,Acetate,Silver,None,Glossy,NOT_DUPLICATE,HIGH,HIGH,false,Standard prescription clear optical eyeglass frame: Chashmalay Heritage Rivet Acetate Square (Gloss Noir Silver Rivet)
DSC_8250.webp,https://res.cloudinary.com/dpv40ou2c/image/upload/v1790853865/chashmalay/products/re8u7f8funmegdikytwj.webp,CHM-056,CHM-056-V01,FRONT,true,Eyeglasses,Square,Full Rim,Metal,Gunmetal,None,Metallic,NOT_DUPLICATE,HIGH,HIGH,false,Standard prescription clear optical eyeglass frame: Chashmalay Executive Metal Navigator (Gunmetal Slate)
Minoxidil 10% Image 1.jpg,,UNASSIGNED,UNASSIGNED,OTHER,false,UNVERIFIED,Unclear,Unclear,Unknown,UNVERIFIED,UNVERIFIED,UNVERIFIED,NOT_DUPLICATE,UNUSABLE,LOW,true,Integrity Discrepancy: External pharmaceutical asset (Minoxidil 10) quarantined from optical catalog.
Minoxidil 10% Image 2.jpg,,UNASSIGNED,UNASSIGNED,OTHER,false,UNVERIFIED,Unclear,Unclear,Unknown,UNVERIFIED,UNVERIFIED,UNVERIFIED,NOT_DUPLICATE,UNUSABLE,LOW,true,Integrity Discrepancy: External pharmaceutical asset (Minoxidil 10) quarantined from optical catalog.
Minoxidil 10% Image 3.jpg,,UNASSIGNED,UNASSIGNED,OTHER,false,UNVERIFIED,Unclear,Unclear,Unknown,UNVERIFIED,UNVERIFIED,UNVERIFIED,NOT_DUPLICATE,UNUSABLE,LOW,true,Integrity Discrepancy: External pharmaceutical asset (Minoxidil 10) quarantined from optical catalog.
Minoxidil 10% Image 4.jpg,,UNASSIGNED,UNASSIGNED,OTHER,false,UNVERIFIED,Unclear,Unclear,Unknown,UNVERIFIED,UNVERIFIED,UNVERIFIED,NOT_DUPLICATE,UNUSABLE,LOW,true,Integrity Discrepancy: External pharmaceutical asset (Minoxidil 10) quarantined from optical catalog.
Minoxidil 10% Image 5.jpg,,UNASSIGNED,UNASSIGNED,OTHER,false,UNVERIFIED,Unclear,Unclear,Unknown,UNVERIFIED,UNVERIFIED,UNVERIFIED,NOT_DUPLICATE,UNUSABLE,LOW,true,Integrity Discrepancy: External pharmaceutical asset (Minoxidil 10) quarantined from optical catalog.
Minoxidil 5% Image 1.jpg,,UNASSIGNED,UNASSIGNED,OTHER,false,UNVERIFIED,Unclear,Unclear,Unknown,UNVERIFIED,UNVERIFIED,UNVERIFIED,NOT_DUPLICATE,UNUSABLE,LOW,true,Integrity Discrepancy: External pharmaceutical asset (Minoxidil 5) quarantined from optical catalog.
Minoxidil 5% Image 2.jpg,,UNASSIGNED,UNASSIGNED,OTHER,false,UNVERIFIED,Unclear,Unclear,Unknown,UNVERIFIED,UNVERIFIED,UNVERIFIED,EXACT_DUPLICATE,UNUSABLE,LOW,true,Integrity Discrepancy: External pharmaceutical asset (Minoxidil 5) quarantined from optical catalog.
Minoxidil 5% Image 3.jpg,,UNASSIGNED,UNASSIGNED,OTHER,false,UNVERIFIED,Unclear,Unclear,Unknown,UNVERIFIED,UNVERIFIED,UNVERIFIED,NOT_DUPLICATE,UNUSABLE,LOW,true,Integrity Discrepancy: External pharmaceutical asset (Minoxidil 5) quarantined from optical catalog.
Minoxidil 5% Image 4.jpg,,UNASSIGNED,UNASSIGNED,OTHER,false,UNVERIFIED,Unclear,Unclear,Unknown,UNVERIFIED,UNVERIFIED,UNVERIFIED,NOT_DUPLICATE,UNUSABLE,LOW,true,Integrity Discrepancy: External pharmaceutical asset (Minoxidil 5) quarantined from optical catalog.
Minoxidil Finasteride 10% Image 1.webp,,UNASSIGNED,UNASSIGNED,OTHER,false,UNVERIFIED,Unclear,Unclear,Unknown,UNVERIFIED,UNVERIFIED,UNVERIFIED,NOT_DUPLICATE,UNUSABLE,LOW,true,Integrity Discrepancy: External pharmaceutical asset (Minoxidil F 10) quarantined from optical catalog.
Minoxidil Finasteride 10% Image 2.webp,,UNASSIGNED,UNASSIGNED,OTHER,false,UNVERIFIED,Unclear,Unclear,Unknown,UNVERIFIED,UNVERIFIED,UNVERIFIED,NOT_DUPLICATE,UNUSABLE,LOW,true,Integrity Discrepancy: External pharmaceutical asset (Minoxidil F 10) quarantined from optical catalog.
Minoxidil Finasteride 5% Image 1.webp,,UNASSIGNED,UNASSIGNED,OTHER,false,UNVERIFIED,Unclear,Unclear,Unknown,UNVERIFIED,UNVERIFIED,UNVERIFIED,NOT_DUPLICATE,UNUSABLE,LOW,true,Integrity Discrepancy: External pharmaceutical asset (Minoxidil F 5) quarantined from optical catalog.
Minoxidil Finasteride 5% Image 2.webp,,UNASSIGNED,UNASSIGNED,OTHER,false,UNVERIFIED,Unclear,Unclear,Unknown,UNVERIFIED,UNVERIFIED,UNVERIFIED,NOT_DUPLICATE,UNUSABLE,LOW,true,Integrity Discrepancy: External pharmaceutical asset (Minoxidil F 5) quarantined from optical catalog.
Tadalafil 20mg Image 1.webp,,UNASSIGNED,UNASSIGNED,OTHER,false,UNVERIFIED,Unclear,Unclear,Unknown,UNVERIFIED,UNVERIFIED,UNVERIFIED,NOT_DUPLICATE,UNUSABLE,LOW,true,Integrity Discrepancy: External pharmaceutical asset (Tadalafil 20mg) quarantined from optical catalog.
Tadalafil 20mg Image 2.webp,,UNASSIGNED,UNASSIGNED,OTHER,false,UNVERIFIED,Unclear,Unclear,Unknown,UNVERIFIED,UNVERIFIED,UNVERIFIED,NOT_DUPLICATE,UNUSABLE,LOW,true,Integrity Discrepancy: External pharmaceutical asset (Tadalafil 20mg) quarantined from optical catalog.
Tadalafil 20mg Image 3.webp,,UNASSIGNED,UNASSIGNED,OTHER,false,UNVERIFIED,Unclear,Unclear,Unknown,UNVERIFIED,UNVERIFIED,UNVERIFIED,NOT_DUPLICATE,UNUSABLE,LOW,true,Integrity Discrepancy: External pharmaceutical asset (Tadalafil 20mg) quarantined from optical catalog.
Tadalafil 5mg Image 1.webp,,UNASSIGNED,UNASSIGNED,OTHER,false,UNVERIFIED,Unclear,Unclear,Unknown,UNVERIFIED,UNVERIFIED,UNVERIFIED,NOT_DUPLICATE,UNUSABLE,LOW,true,Integrity Discrepancy: External pharmaceutical asset (Tadalafil 5mg) quarantined from optical catalog.
Tadalafil 5mg Image 2.webp,,UNASSIGNED,UNASSIGNED,OTHER,false,UNVERIFIED,Unclear,Unclear,Unknown,UNVERIFIED,UNVERIFIED,UNVERIFIED,NOT_DUPLICATE,UNUSABLE,LOW,true,Integrity Discrepancy: External pharmaceutical asset (Tadalafil 5mg) quarantined from optical catalog.
Tadalafil 5mg Image 3.webp,,UNASSIGNED,UNASSIGNED,OTHER,false,UNVERIFIED,Unclear,Unclear,Unknown,UNVERIFIED,UNVERIFIED,UNVERIFIED,NOT_DUPLICATE,UNUSABLE,LOW,true,Integrity Discrepancy: External pharmaceutical asset (Tadalafil 5mg) quarantined from optical catalog.
Tretinoin 0.025 Image 1.webp,,UNASSIGNED,UNASSIGNED,OTHER,false,UNVERIFIED,Unclear,Unclear,Unknown,UNVERIFIED,UNVERIFIED,UNVERIFIED,NOT_DUPLICATE,UNUSABLE,LOW,true,Integrity Discrepancy: External pharmaceutical asset (Tretinoin 0.025) quarantined from optical catalog.
Tretinoin 0.025 Image 2.webp,,UNASSIGNED,UNASSIGNED,OTHER,false,UNVERIFIED,Unclear,Unclear,Unknown,UNVERIFIED,UNVERIFIED,UNVERIFIED,NOT_DUPLICATE,UNUSABLE,LOW,true,Integrity Discrepancy: External pharmaceutical asset (Tretinoin 0.025) quarantined from optical catalog.
Tretinoin 0.025 Image 3.webp,,UNASSIGNED,UNASSIGNED,OTHER,false,UNVERIFIED,Unclear,Unclear,Unknown,UNVERIFIED,UNVERIFIED,UNVERIFIED,NOT_DUPLICATE,UNUSABLE,LOW,true,Integrity Discrepancy: External pharmaceutical asset (Tretinoin 0.025) quarantined from optical catalog.
Tretinoin 0.5 Image 1.webp,,UNASSIGNED,UNASSIGNED,OTHER,false,UNVERIFIED,Unclear,Unclear,Unknown,UNVERIFIED,UNVERIFIED,UNVERIFIED,NOT_DUPLICATE,UNUSABLE,LOW,true,Integrity Discrepancy: External pharmaceutical asset (Tretinoin 0.05) quarantined from optical catalog.
Tretinoin 0.5 Image 2.webp,,UNASSIGNED,UNASSIGNED,OTHER,false,UNVERIFIED,Unclear,Unclear,Unknown,UNVERIFIED,UNVERIFIED,UNVERIFIED,NOT_DUPLICATE,UNUSABLE,LOW,true,Integrity Discrepancy: External pharmaceutical asset (Tretinoin 0.05) quarantined from optical catalog.
Viagara Dapoxetine Image 1.webp,,UNASSIGNED,UNASSIGNED,OTHER,false,UNVERIFIED,Unclear,Unclear,Unknown,UNVERIFIED,UNVERIFIED,UNVERIFIED,NOT_DUPLICATE,UNUSABLE,LOW,true,Integrity Discrepancy: External pharmaceutical asset (Viagra Dapoxetine) quarantined from optical catalog.
Viagara Dapoxetine Image 2.webp,,UNASSIGNED,UNASSIGNED,OTHER,false,UNVERIFIED,Unclear,Unclear,Unknown,UNVERIFIED,UNVERIFIED,UNVERIFIED,NOT_DUPLICATE,UNUSABLE,LOW,true,Integrity Discrepancy: External pharmaceutical asset (Viagra Dapoxetine) quarantined from optical catalog.
Viagara Jelly Image 1.jpg,,UNASSIGNED,UNASSIGNED,OTHER,false,UNVERIFIED,Unclear,Unclear,Unknown,UNVERIFIED,UNVERIFIED,UNVERIFIED,NOT_DUPLICATE,UNUSABLE,LOW,true,Integrity Discrepancy: External pharmaceutical asset (Viagra Jelly) quarantined from optical catalog.
Viagara Jelly Image 2.jpg,,UNASSIGNED,UNASSIGNED,OTHER,false,UNVERIFIED,Unclear,Unclear,Unknown,UNVERIFIED,UNVERIFIED,UNVERIFIED,NOT_DUPLICATE,UNUSABLE,LOW,true,Integrity Discrepancy: External pharmaceutical asset (Viagra Jelly) quarantined from optical catalog.
Viagara Jelly Image 3.jpg,,UNASSIGNED,UNASSIGNED,OTHER,false,UNVERIFIED,Unclear,Unclear,Unknown,UNVERIFIED,UNVERIFIED,UNVERIFIED,NOT_DUPLICATE,UNUSABLE,LOW,true,Integrity Discrepancy: External pharmaceutical asset (Viagra Jelly) quarantined from optical catalog.
Viagra 100mg Image 1.webp,,UNASSIGNED,UNASSIGNED,OTHER,false,UNVERIFIED,Unclear,Unclear,Unknown,UNVERIFIED,UNVERIFIED,UNVERIFIED,NOT_DUPLICATE,UNUSABLE,LOW,true,Integrity Discrepancy: External pharmaceutical asset (Viagra 100mg) quarantined from optical catalog.
Viagra 100mg Image 2.webp,,UNASSIGNED,UNASSIGNED,OTHER,false,UNVERIFIED,Unclear,Unclear,Unknown,UNVERIFIED,UNVERIFIED,UNVERIFIED,NOT_DUPLICATE,UNUSABLE,LOW,true,Integrity Discrepancy: External pharmaceutical asset (Viagra 100mg) quarantined from optical catalog.
Viagra 25mg Image 1.webp,,UNASSIGNED,UNASSIGNED,OTHER,false,UNVERIFIED,Unclear,Unclear,Unknown,UNVERIFIED,UNVERIFIED,UNVERIFIED,NOT_DUPLICATE,UNUSABLE,LOW,true,Integrity Discrepancy: External pharmaceutical asset (Viagra 25mg) quarantined from optical catalog.
Viagra 25mg Image 2.webp,,UNASSIGNED,UNASSIGNED,OTHER,false,UNVERIFIED,Unclear,Unclear,Unknown,UNVERIFIED,UNVERIFIED,UNVERIFIED,NOT_DUPLICATE,UNUSABLE,LOW,true,Integrity Discrepancy: External pharmaceutical asset (Viagra 25mg) quarantined from optical catalog.
Viagra 25mg Image 3.webp,,UNASSIGNED,UNASSIGNED,OTHER,false,UNVERIFIED,Unclear,Unclear,Unknown,UNVERIFIED,UNVERIFIED,UNVERIFIED,NOT_DUPLICATE,UNUSABLE,LOW,true,Integrity Discrepancy: External pharmaceutical asset (Viagra 25mg) quarantined from optical catalog.
Viagra 50mg Image 1.webp,,UNASSIGNED,UNASSIGNED,OTHER,false,UNVERIFIED,Unclear,Unclear,Unknown,UNVERIFIED,UNVERIFIED,UNVERIFIED,NOT_DUPLICATE,UNUSABLE,LOW,true,Integrity Discrepancy: External pharmaceutical asset (Viagra 50mg) quarantined from optical catalog.
Viagra 50mg Image 2.webp,,UNASSIGNED,UNASSIGNED,OTHER,false,UNVERIFIED,Unclear,Unclear,Unknown,UNVERIFIED,UNVERIFIED,UNVERIFIED,NOT_DUPLICATE,UNUSABLE,LOW,true,Integrity Discrepancy: External pharmaceutical asset (Viagra 50mg) quarantined from optical catalog.
Viagra 50mg Image 3.webp,,UNASSIGNED,UNASSIGNED,OTHER,false,UNVERIFIED,Unclear,Unclear,Unknown,UNVERIFIED,UNVERIFIED,UNVERIFIED,NOT_DUPLICATE,UNUSABLE,LOW,true,Integrity Discrepancy: External pharmaceutical asset (Viagra 50mg) quarantined from optical catalog.
